candidate_source,existing_record_id,candidate_pages,existing_pages,candidate_text_sha256,existing_text_sha256,candidate_text_chars,existing_text_chars,text_similarity,result,replacement_candidate,candidate_error,existing_error
temp/版本2：化学（按省份分类）2008-2024/2008-2023·（江西）化学高考真题/2022年高考化学试卷（全国乙卷）（空白卷）.pdf,temp-2022-化学-65e8fcd1c28c,9,,f0097689bce0ad9073c6c047be7116d8a2ad0f909581176821ce3263703752eb,,4081,0,,text_unavailable_or_too_short,no,,Stream has ended unexpectedly
temp/版本2：化学（按省份分类）2008-2024/2008-2024·（上海）化学高考真题/2024年高考化学试卷（上海）（空白卷）.pdf,temp-2024-化学-2105e60f8c2e,6,5,5904175440364b4dddc33336c74acafcfa788b31707a90b429f735d2012c1fb1,1973dc25e5b28ab2956e2258036eaab80cc808bbb1e85920c43771638739ee5a,3321,2877,0.821,likely_same_content_layout_difference,no,,
temp/版本2：化学（按省份分类）2008-2024/2008-2024·（内蒙古）化学高考真题/2022年高考化学试卷（全国乙卷）（空白卷）.pdf,temp-2022-化学-65e8fcd1c28c,9,,f0097689bce0ad9073c6c047be7116d8a2ad0f909581176821ce3263703752eb,,4081,0,,text_unavailable_or_too_short,no,,Stream has ended unexpectedly
temp/版本2：化学（按省份分类）2008-2024/2008-2024·（内蒙古）化学高考真题/2024年高考化学试卷（全国甲卷）（空白卷）.pdf,temp-2024-化学-6fef43dd8802,9,7,a19f4f1c1c75a677545241214bfeb45920b78ee839171e24d245edda2f931eb8,ee7a72190760c75725edba5e1b977fe5bb5a6a7dd417204bd33cfe7b350835d0,4439,3766,0.860,likely_same_content_layout_difference,no,,
temp/版本2：化学（按省份分类）2008-2024/2008-2024·（吉林）化学高考真题/2022年高考化学试卷（全国乙卷）（空白卷）.pdf,temp-2022-化学-65e8fcd1c28c,9,,f0097689bce0ad9073c6c047be7116d8a2ad0f909581176821ce3263703752eb,,4081,0,,text_unavailable_or_too_short,no,,Stream has ended unexpectedly
temp/版本2：化学（按省份分类）2008-2024/2008-2024·（四川）化学高考真题/2024年高考化学试卷（全国甲卷）（空白卷）.pdf,temp-2024-化学-6fef43dd8802,9,7,a19f4f1c1c75a677545241214bfeb45920b78ee839171e24d245edda2f931eb8,ee7a72190760c75725edba5e1b977fe5bb5a6a7dd417204bd33cfe7b350835d0,4439,3766,0.860,likely_same_content_layout_difference,no,,
temp/版本2：化学（按省份分类）2008-2024/2008-2024·（山东）化学高考真题/2024年高考化学试卷（山东）（空白卷）.pdf,temp-2024-化学-58bafbad7274,9,7,518ec7d1fed4a6ef6130562554ef81034fe429705e0c95ce5099e819e5a1fdc5,0a5fd6f6c7ca8378f142ae878c4ce1323f3dbae8247cc701b91fcf29a6ff671c,5145,4421,0.868,likely_same_content_layout_difference,no,,
temp/版本2：化学（按省份分类）2008-2024/2008-2024·（山西）化学高考真题/2022年高考化学试卷（全国乙卷）（空白卷）.pdf,temp-2022-化学-65e8fcd1c28c,9,,f0097689bce0ad9073c6c047be7116d8a2ad0f909581176821ce3263703752eb,,4081,0,,text_unavailable_or_too_short,no,,Stream has ended unexpectedly
temp/版本2：化学（按省份分类）2008-2024/2008-2024·（广东）化学高考真题/2022年高考化学试卷（广东）（空白卷）.pdf,temp-2022-化学-93f28ed20832,14,,1514196a7a0daefb786c4928ca08c305dfca6ffce01b8b15f0313f417dbfc240,,6851,0,,text_unavailable_or_too_short,no,,Stream has ended unexpectedly
temp/版本2：化学（按省份分类）2008-2024/2008-2024·（新疆）化学高考真题/2022年高考化学试卷（全国乙卷）（空白卷）.pdf,temp-2022-化学-65e8fcd1c28c,9,,f0097689bce0ad9073c6c047be7116d8a2ad0f909581176821ce3263703752eb,,4081,0,,text_unavailable_or_too_short,no,,Stream has ended unexpectedly
temp/版本2：化学（按省份分类）2008-2024/2008-2024·（河南）化学高考真题/2022年高考化学试卷（全国乙卷）（空白卷）.pdf,temp-2022-化学-65e8fcd1c28c,9,,f0097689bce0ad9073c6c047be7116d8a2ad0f909581176821ce3263703752eb,,4081,0,,text_unavailable_or_too_short,no,,Stream has ended unexpectedly
temp/版本2：化学（按省份分类）2008-2024/2008-2024·（湖南）化学高考真题/2021年高考化学试卷（湖南）（空白卷）.pdf,temp-2021-化学-4aab111a2f2d,12,,32000aabef08e218b6290e1b6c05b5b0a4c71d33038135ec23b92702d448649f,,5852,0,,text_unavailable_or_too_short,no,,Stream has ended unexpectedly
temp/版本2：化学（按省份分类）2008-2024/2008-2024·（湖南）化学高考真题/2022年高考化学试卷（湖南）（空白卷）.pdf,temp-2022-化学-54b937e8a6b8,13,,2435974c40e7fc774e7e60cb52cc1eb8b0b7deaa936d5e9e39b26900c7cfa43e,,5667,0,,text_unavailable_or_too_short,no,,Stream has ended unexpectedly
temp/版本2：化学（按省份分类）2008-2024/2008-2024·（湖南）化学高考真题/2024年高考化学试卷（湖南）（空白卷）.pdf,temp-2024-化学-be37be64c2d5,11,8,551473868359b1cb847e94660a59163556d2ea1186a1ed5a81fcd5340511edf4,911772f6b02f7344eb282ad337cc5df655e7db5b699bb6c16544ab63db751d5a,5243,4730,0.697,content_or_page_difference,no,,
temp/版本2：化学（按省份分类）2008-2024/2008-2024·（甘肃）化学高考真题/2022年高考化学试卷（全国乙卷）（空白卷）.pdf,temp-2022-化学-65e8fcd1c28c,9,,f0097689bce0ad9073c6c047be7116d8a2ad0f909581176821ce3263703752eb,,4081,0,,text_unavailable_or_too_short,no,,Stream has ended unexpectedly
temp/版本2：化学（按省份分类）2008-2024/2008-2024·（甘肃）化学高考真题/2024年高考化学试卷（甘肃）（空白卷）.pdf,temp-2024-化学-94ba9126754e,9,5,04c1212e6d082464c62eb01b441793fdcbba4b16a68302573b2b177f6f48791d,a59ce88b3c623f2efcf9a074df8f0c39dd08b435d98246e5ab9dc61201227b48,3564,2926,0.770,likely_same_content_layout_difference,no,,
temp/版本2：化学（按省份分类）2008-2024/2008-2024·（西藏）化学高考真题/2024年高考化学试卷（全国甲卷）（空白卷）.pdf,temp-2024-化学-6fef43dd8802,9,7,a19f4f1c1c75a677545241214bfeb45920b78ee839171e24d245edda2f931eb8,ee7a72190760c75725edba5e1b977fe5bb5a6a7dd417204bd33cfe7b350835d0,4439,3766,0.860,likely_same_content_layout_difference,no,,
temp/版本2：化学（按省份分类）2008-2024/2008-2024·（陕西）化学高考真题/2022年高考化学试卷（全国乙卷）（空白卷）.pdf,temp-2022-化学-65e8fcd1c28c,9,,f0097689bce0ad9073c6c047be7116d8a2ad0f909581176821ce3263703752eb,,4081,0,,text_unavailable_or_too_short,no,,Stream has ended unexpectedly
temp/版本2：化学（按省份分类）2008-2024/2008-2024·（陕西）化学高考真题/2024年高考化学试卷（全国甲卷）（空白卷）.pdf,temp-2024-化学-6fef43dd8802,9,7,a19f4f1c1c75a677545241214bfeb45920b78ee839171e24d245edda2f931eb8,ee7a72190760c75725edba5e1b977fe5bb5a6a7dd417204bd33cfe7b350835d0,4439,3766,0.860,likely_same_content_layout_difference,no,,
temp/版本2：化学（按省份分类）2008-2024/2008-2024·（青海）化学高考真题/2022年高考化学试卷（全国乙卷）（空白卷）.pdf,temp-2022-化学-65e8fcd1c28c,9,,f0097689bce0ad9073c6c047be7116d8a2ad0f909581176821ce3263703752eb,,4081,0,,text_unavailable_or_too_short,no,,Stream has ended unexpectedly
temp/版本2：化学（按省份分类）2008-2024/2008-2024·（青海）化学高考真题/2024年高考化学试卷（全国甲卷）（空白卷）.pdf,temp-2024-化学-6fef43dd8802,9,7,a19f4f1c1c75a677545241214bfeb45920b78ee839171e24d245edda2f931eb8,ee7a72190760c75725edba5e1b977fe5bb5a6a7dd417204bd33cfe7b350835d0,4439,3766,0.860,likely_same_content_layout_difference,no,,
temp/版本2：化学（按省份分类）2008-2024/2008-2024·（黑龙江）化学高考真题/2022年高考化学试卷（全国乙卷）（空白卷）.pdf,temp-2022-化学-65e8fcd1c28c,9,,f0097689bce0ad9073c6c047be7116d8a2ad0f909581176821ce3263703752eb,,4081,0,,text_unavailable_or_too_short,no,,Stream has ended unexpectedly
temp/版本2：化学（按省份分类）2008-2024/2010-2024·（宁夏）化学高考真题/2022年高考化学试卷（全国乙卷）（空白卷）.pdf,temp-2022-化学-65e8fcd1c28c,9,,f0097689bce0ad9073c6c047be7116d8a2ad0f909581176821ce3263703752eb,,4081,0,,text_unavailable_or_too_short,no,,Stream has ended unexpectedly
temp/版本2：化学（按省份分类）2008-2024/2010-2024·（宁夏）化学高考真题/2024年高考化学试卷（全国甲卷）（空白卷）.pdf,temp-2024-化学-6fef43dd8802,9,7,a19f4f1c1c75a677545241214bfeb45920b78ee839171e24d245edda2f931eb8,ee7a72190760c75725edba5e1b977fe5bb5a6a7dd417204bd33cfe7b350835d0,4439,3766,0.860,likely_same_content_layout_difference,no,,
temp/版本2：化学（按省份分类）2008-2024/2012-2024·（安徽）化学高考真题/2022年高考化学试卷（全国乙卷）（空白卷）.pdf,temp-2022-化学-65e8fcd1c28c,9,,f0097689bce0ad9073c6c047be7116d8a2ad0f909581176821ce3263703752eb,,4081,0,,text_unavailable_or_too_short,no,,Stream has ended unexpectedly
temp/版本2：化学（按省份分类）2008-2024/2012-2024·（安徽）化学高考真题/2024年高考化学试卷（安徽）（空白卷）.pdf,temp-2024-化学-ecf68b18f11d,11,9,bf13d85568c516ff0f3016798c46f154edcc34e4c197650780a17c462036ee32,29fc21c64197a6a5c1da2e48be67780cb8870cda5f49f8429cc0914d11e38a02,5543,4657,0.852,likely_same_content_layout_difference,no,,
"temp/版本2：历史（按省份分类）2008-2024/2008-2017_2019,2024·（上海）历史高考真题/2024年高考历史试卷（上海）（回忆版）（空白卷）.pdf",temp-2024-历史-83b1ad41a627,5,3,cc4b1490be2678b6112046de42fa6fd1bfdcb43d22bf8e28f8365f4ba63e0a12,5d891356a816db3968cecb3100cb8f5dae1aa36831d71ed4a24046b3fd9bca24,3586,3441,0.947,likely_same_content_layout_difference,no,,
temp/版本2：历史（按省份分类）2008-2024/2008-2023·（江西）历史高考真题/2022年高考历史试卷（全国乙卷）（空白卷）.pdf,temp-2022-历史-0e5a2c5634ea,6,,c7429ef14c9fb52dd52f73f9e1bcf7202cada0a44cc02662cb8ff35095cf55b5,,4255,0,,text_unavailable_or_too_short,no,,Stream has ended unexpectedly
temp/版本2：历史（按省份分类）2008-2024/2008-2024·（内蒙古）历史高考真题/2022年高考历史试卷（全国乙卷）（空白卷）.pdf,temp-2022-历史-0e5a2c5634ea,6,,c7429ef14c9fb52dd52f73f9e1bcf7202cada0a44cc02662cb8ff35095cf55b5,,4255,0,,text_unavailable_or_too_short,no,,Stream has ended unexpectedly
temp/版本2：历史（按省份分类）2008-2024/2008-2024·（吉林）历史高考真题/2022年高考历史试卷（全国乙卷）（空白卷）.pdf,temp-2022-历史-0e5a2c5634ea,6,,c7429ef14c9fb52dd52f73f9e1bcf7202cada0a44cc02662cb8ff35095cf55b5,,4255,0,,text_unavailable_or_too_short,no,,Stream has ended unexpectedly
temp/版本2：历史（按省份分类）2008-2024/2008-2024·（山西）历史高考真题/2022年高考历史试卷（全国乙卷）（空白卷）.pdf,temp-2022-历史-0e5a2c5634ea,6,,c7429ef14c9fb52dd52f73f9e1bcf7202cada0a44cc02662cb8ff35095cf55b5,,4255,0,,text_unavailable_or_too_short,no,,Stream has ended unexpectedly
temp/版本2：历史（按省份分类）2008-2024/2008-2024·（新疆）历史高考真题/2022年高考历史试卷（全国乙卷）（空白卷）.pdf,temp-2022-历史-0e5a2c5634ea,6,,c7429ef14c9fb52dd52f73f9e1bcf7202cada0a44cc02662cb8ff35095cf55b5,,4255,0,,text_unavailable_or_too_short,no,,Stream has ended unexpectedly
temp/版本2：历史（按省份分类）2008-2024/2008-2024·（河南）历史高考真题/2022年高考历史试卷（全国乙卷）（空白卷）.pdf,temp-2022-历史-0e5a2c5634ea,6,,c7429ef14c9fb52dd52f73f9e1bcf7202cada0a44cc02662cb8ff35095cf55b5,,4255,0,,text_unavailable_or_too_short,no,,Stream has ended unexpectedly
temp/版本2：历史（按省份分类）2008-2024/2008-2024·（湖南）历史高考真题/2022年高考历史试卷（湖南）（空白卷）.pdf,temp-2022-历史-c9f1e178d541,7,,ef40a57c34826cd3400aa0817386e86853ad623ce5cd3897394241f4802e433a,,4770,0,,text_unavailable_or_too_short,no,,Stream has ended unexpectedly
temp/版本2：历史（按省份分类）2008-2024/2008-2024·（甘肃）历史高考真题/2022年高考历史试卷（全国乙卷）（空白卷）.pdf,temp-2022-历史-0e5a2c5634ea,6,,c7429ef14c9fb52dd52f73f9e1bcf7202cada0a44cc02662cb8ff35095cf55b5,,4255,0,,text_unavailable_or_too_short,no,,Stream has ended unexpectedly
temp/版本2：历史（按省份分类）2008-2024/2008-2024·（陕西）历史高考真题/2022年高考历史试卷（全国乙卷）（空白卷）.pdf,temp-2022-历史-0e5a2c5634ea,6,,c7429ef14c9fb52dd52f73f9e1bcf7202cada0a44cc02662cb8ff35095cf55b5,,4255,0,,text_unavailable_or_too_short,no,,Stream has ended unexpectedly
temp/版本2：历史（按省份分类）2008-2024/2008-2024·（青海）历史高考真题/2022年高考历史试卷（全国乙卷）（空白卷）.pdf,temp-2022-历史-0e5a2c5634ea,6,,c7429ef14c9fb52dd52f73f9e1bcf7202cada0a44cc02662cb8ff35095cf55b5,,4255,0,,text_unavailable_or_too_short,no,,Stream has ended unexpectedly
temp/版本2：历史（按省份分类）2008-2024/2008-2024·（黑龙江）历史高考真题/2022年高考历史试卷（全国乙卷）（空白卷）.pdf,temp-2022-历史-0e5a2c5634ea,6,,c7429ef14c9fb52dd52f73f9e1bcf7202cada0a44cc02662cb8ff35095cf55b5,,4255,0,,text_unavailable_or_too_short,no,,Stream has ended unexpectedly
temp/版本2：历史（按省份分类）2008-2024/2010-2024·（宁夏）历史高考真题/2022年高考历史试卷（全国乙卷）（空白卷）.pdf,temp-2022-历史-0e5a2c5634ea,6,,c7429ef14c9fb52dd52f73f9e1bcf7202cada0a44cc02662cb8ff35095cf55b5,,4255,0,,text_unavailable_or_too_short,no,,Stream has ended unexpectedly
temp/版本2：历史（按省份分类）2008-2024/2010-2024·（辽宁）历史高考真题/2024年高考历史试卷（辽宁）（空白卷）.pdf,temp-2024-历史-3046f62edb85,5,4,d1a86885a167d38ca69b1206f48b9b43d6438f25c00a63a2033dcf319b4e03d0,8b0b4f7174e9ef33ec0bcab79a056631ce68115d220cec32dda46b695886638b,3565,3972,0.810,likely_same_content_layout_difference,no,,
temp/版本2：历史（按省份分类）2008-2024/2012-2024·（安徽）历史高考真题/2022年高考历史试卷（全国乙卷）（空白卷）.pdf,temp-2022-历史-0e5a2c5634ea,6,,c7429ef14c9fb52dd52f73f9e1bcf7202cada0a44cc02662cb8ff35095cf55b5,,4255,0,,text_unavailable_or_too_short,no,,Stream has ended unexpectedly
"temp/版本2：地理（按省份分类）2008-2024/2008-2021,2024·（上海）地理高考真题/2024年高考地理试题（上海）（空白卷）.pdf",temp-2024-地理-0e3da0cf9dc6,8,5,25d1426f15d14210044d33d05463efda35e1979df76d86c38de60c37fbe35c33,59a894aa536cba667e2b0558d0a723931da1b611e3140834fad96d7273ae6fcf,3525,2792,0.713,content_or_page_difference,no,,
temp/版本2：地理（按省份分类）2008-2024/2008-2024·（内蒙古）地理高考真题/2022年高考地理试卷（全国乙卷）（空白卷）.pdf,temp-2022-地理-1c2ab9a480ec,6,,49a33bbe4c6e8f731c873ce61f8e5572bd4760613af9a1360e675d382d4eedbf,,2379,0,,text_unavailable_or_too_short,no,,Stream has ended unexpectedly
temp/版本2：地理（按省份分类）2008-2024/2008-2024·（吉林）地理高考真题/2022年高考地理试卷（全国乙卷）（空白卷）.pdf,temp-2022-地理-1c2ab9a480ec,6,,49a33bbe4c6e8f731c873ce61f8e5572bd4760613af9a1360e675d382d4eedbf,,2379,0,,text_unavailable_or_too_short,no,,Stream has ended unexpectedly
temp/版本2：地理（按省份分类）2008-2024/2008-2024·（山西）地理高考真题/2022年高考地理试卷（全国乙卷）（空白卷）.pdf,temp-2022-地理-1c2ab9a480ec,6,,49a33bbe4c6e8f731c873ce61f8e5572bd4760613af9a1360e675d382d4eedbf,,2379,0,,text_unavailable_or_too_short,no,,Stream has ended unexpectedly
temp/版本2：地理（按省份分类）2008-2024/2008-2024·（广东）地理高考真题/2024年高考地理试卷（广东）（空白卷）.pdf,temp-2024-地理-f4ed6d4adea5,7,5,8e1db8b79d5b25f3efc4127c33c6fd5240fe0566252dad2f6eefe0e7f1a831d0,93d5f798c02e7ff5cda1e461d8fb6159921277851d4ba93ba5558dd9f965ebd3,3521,3056,0.866,likely_same_content_layout_difference,no,,
temp/版本2：地理（按省份分类）2008-2024/2008-2024·（新疆）地理高考真题/2022年高考地理试卷（全国乙卷）（空白卷）.pdf,temp-2022-地理-1c2ab9a480ec,6,,49a33bbe4c6e8f731c873ce61f8e5572bd4760613af9a1360e675d382d4eedbf,,2379,0,,text_unavailable_or_too_short,no,,Stream has ended unexpectedly
temp/版本2：地理（按省份分类）2008-2024/2008-2024·（江西）地理高考真题/2022年高考地理试卷（全国乙卷）（空白卷）.pdf,temp-2022-地理-1c2ab9a480ec,6,,49a33bbe4c6e8f731c873ce61f8e5572bd4760613af9a1360e675d382d4eedbf,,2379,0,,text_unavailable_or_too_short,no,,Stream has ended unexpectedly
temp/版本2：地理（按省份分类）2008-2024/2008-2024·（河南）地理高考真题/2022年高考地理试卷（全国乙卷）（空白卷）.pdf,temp-2022-地理-1c2ab9a480ec,6,,49a33bbe4c6e8f731c873ce61f8e5572bd4760613af9a1360e675d382d4eedbf,,2379,0,,text_unavailable_or_too_short,no,,Stream has ended unexpectedly
temp/版本2：地理（按省份分类）2008-2024/2008-2024·（甘肃）地理高考真题/2022年高考地理试卷（全国乙卷）（空白卷）.pdf,temp-2022-地理-1c2ab9a480ec,6,,49a33bbe4c6e8f731c873ce61f8e5572bd4760613af9a1360e675d382d4eedbf,,2379,0,,text_unavailable_or_too_short,no,,Stream has ended unexpectedly
temp/版本2：地理（按省份分类）2008-2024/2008-2024·（陕西）地理高考真题/2022年高考地理试卷（全国乙卷）（空白卷）.pdf,temp-2022-地理-1c2ab9a480ec,6,,49a33bbe4c6e8f731c873ce61f8e5572bd4760613af9a1360e675d382d4eedbf,,2379,0,,text_unavailable_or_too_short,no,,Stream has ended unexpectedly
temp/版本2：地理（按省份分类）2008-2024/2008-2024·（青海）地理高考真题/2022年高考地理试卷（全国乙卷）（空白卷）.pdf,temp-2022-地理-1c2ab9a480ec,6,,49a33bbe4c6e8f731c873ce61f8e5572bd4760613af9a1360e675d382d4eedbf,,2379,0,,text_unavailable_or_too_short,no,,Stream has ended unexpectedly
temp/版本2：地理（按省份分类）2008-2024/2008-2024·（黑龙江）地理高考真题/2022年高考地理试卷（全国乙卷）（空白卷）.pdf,temp-2022-地理-1c2ab9a480ec,6,,49a33bbe4c6e8f731c873ce61f8e5572bd4760613af9a1360e675d382d4eedbf,,2379,0,,text_unavailable_or_too_short,no,,Stream has ended unexpectedly
temp/版本2：地理（按省份分类）2008-2024/2010-2024·（宁夏）地理高考真题/2022年高考地理试卷（全国乙卷）（空白卷）.pdf,temp-2022-地理-1c2ab9a480ec,6,,49a33bbe4c6e8f731c873ce61f8e5572bd4760613af9a1360e675d382d4eedbf,,2379,0,,text_unavailable_or_too_short,no,,Stream has ended unexpectedly
temp/版本2：地理（按省份分类）2008-2024/2012-2024·（安徽）地理高考真题/2022年高考地理试卷（全国乙卷）（空白卷）.pdf,temp-2022-地理-1c2ab9a480ec,6,,49a33bbe4c6e8f731c873ce61f8e5572bd4760613af9a1360e675d382d4eedbf,,2379,0,,text_unavailable_or_too_short,no,,Stream has ended unexpectedly
temp/版本2：数学（按省份分类）2008-2024/2008-2024·（上海）数学高考真题/2017年高考数学试卷（上海）（春考）（空白卷）.pdf,admin05-2017-sh-spring-math,4,3,6a1f2dc80e8d7af61662adeacf5c8d9ad54355355b8bb82ed7242c5d8350f8a6,0d84aebc39fb2ec6b223c19925c693ec927cb8d0f170117a926ab2c64d8e07e0,1632,1085,0.690,content_or_page_difference,no,,
temp/版本2：数学（按省份分类）2008-2024/2008-2024·（上海）数学高考真题/2018年高考数学试卷（上海）（春考）（空白卷）.pdf,admin05-2018-sh-spring-math,6,6,8a1578f84c269748b92e8f299efc11e71d89eb29e681e4bae12e558a0fe942f8,8e8b2ec0f551915c6724a7e019d085232e5f35eba26a5600867e67253c109fbc,2102,1619,0.646,content_or_page_difference,no,,
temp/版本2：数学（按省份分类）2008-2024/2008-2024·（上海）数学高考真题/2019年高考数学试卷（上海）（春考）（空白卷）.pdf,admin05-2019-sh-spring-math,4,3,5c816320377ddea4f58dc9e5d88af3277c79af8b57999ce7ca3c3525d93fcebc,e3d5cd9597658c60db23263013db998deef9ae77f70e5a0c515b04247a6dd556,2084,1446,0.487,content_or_page_difference,no,,
temp/版本2：数学（按省份分类）2008-2024/2008-2024·（上海）数学高考真题/2020年高考数学试卷（上海）（春考）（空白卷）.pdf,admin05-2020-sh-spring-math,3,2,5d0de56427c7b9c8ea186cb5eb107334445bb37580812fb9405d7e7b74d86eed,bde6e9eb184a0b48a1dde4eec6852c9bed04456a25a28366b808bc22466a5179,1740,1751,0.632,content_or_page_difference,no,,
temp/版本2：数学（按省份分类）2008-2024/2008-2024·（内蒙古）数学高考真题/2022年高考数学试卷（文）（全国乙卷）（空白卷）.pdf,temp-2022-数学-193147c003da,6,,1f4f0db6622221e7f6923bfa1ce05e1a9e7fbfbf703be778271c2fac28fa873d,,2693,0,,text_unavailable_or_too_short,no,,Stream has ended unexpectedly
temp/版本2：数学（按省份分类）2008-2024/2008-2024·（内蒙古）数学高考真题/2022年高考数学试卷（理）（全国乙卷）（空白卷）.pdf,temp-2022-数学-d00e85ebf75c,5,,f2867631bd8e68a4c574dca49eb959f4ac357dbfaf4175ef896df38abe6822dc,,2982,0,,text_unavailable_or_too_short,no,,Stream has ended unexpectedly
temp/版本2：数学（按省份分类）2008-2024/2008-2024·（北京）数学高考真题/2020年高考数学试卷（北京）（空白卷）.pdf,deekur-2020-08-math,8,2,61608a0ee4e5b44c3062bdb701a1343e187e0599af19a41745c6fe4f00fb0328,86ea7083f0a88db9b4af3ffa4213910a2167a28da36e22a256c7b3230f71ed19,2737,2449,0.594,content_or_page_difference,no,,
temp/版本2：数学（按省份分类）2008-2024/2008-2024·（北京）数学高考真题/2021年高考数学试卷（北京）（空白卷）.pdf,deekur-2021-19-math,4,2,4eb44b29a04fb80d43279c2f8b204a3beeb9af4486e2e87bc00a1c83af89ff41,c3dcf94dfd727a1d2ff470b00c1369fd1f37b181fc20149339f3e84f9949b8ea,2258,2606,0.345,content_or_page_difference,no,,
temp/版本2：数学（按省份分类）2008-2024/2008-2024·（北京）数学高考真题/2022年高考数学试卷（北京）（空白卷）.pdf,deekur-2022-29-math,4,2,31a4c76ca62128ea4f51db8a730568f5217a8959fda9a9b46a541f5e82175ee1,a4192916280df46f9140835d6da4f58305caae2b3c374ec7708d1a09a454e34b,2654,2407,0.515,content_or_page_difference,no,,
temp/版本2：数学（按省份分类）2008-2024/2008-2024·（北京）数学高考真题/2023年高考数学试卷（北京）（空白卷）.pdf,deekur-2023-39-math,5,2,91775bb1cdab144a2ccced1184975132a5a3e95e27bca56836e072dfb90c50a6,818bfbcc7652949cab164a0e7cd172fa2ed275e694c4139e5d5fa6e231b484b4,2954,2647,0.513,content_or_page_difference,no,,
temp/版本2：数学（按省份分类）2008-2024/2008-2024·（北京）数学高考真题/2024年高考数学试卷（北京）（空白卷）.pdf,deekur-2024-46-math,4,2,2e464a5733d9fb22ab50c439131dd933ad5f09e1bae7c6dd91169649ec1e6f04,c6fb2b88e774de72bfa1194e8dd342fe931eca0479ecb8bfbc7d20f19a12b6ef,2693,2933,0.289,content_or_page_difference,no,,
temp/版本2：数学（按省份分类）2008-2024/2008-2024·（吉林）数学高考真题/2022年高考数学试卷（文）（全国乙卷）（空白卷）.pdf,temp-2022-数学-193147c003da,6,,1f4f0db6622221e7f6923bfa1ce05e1a9e7fbfbf703be778271c2fac28fa873d,,2693,0,,text_unavailable_or_too_short,no,,Stream has ended unexpectedly
temp/版本2：数学（按省份分类）2008-2024/2008-2024·（吉林）数学高考真题/2022年高考数学试卷（理）（全国乙卷）（空白卷）.pdf,temp-2022-数学-d00e85ebf75c,5,,f2867631bd8e68a4c574dca49eb959f4ac357dbfaf4175ef896df38abe6822dc,,2982,0,,text_unavailable_or_too_short,no,,Stream has ended unexpectedly
temp/版本2：数学（按省份分类）2008-2024/2008-2024·（天津）数学高考真题/2020年高考数学试卷（天津）（空白卷）.pdf,deekur-2020-09-math,6,2,75c80feb77ba310fc445729901b24037d43a41f849b3326fe2a59f7212fa25c0,798bf5c3b26271b1655402fe941f0217361aa633c41ad0f97fa628ff426de9ef,2672,2140,0.395,content_or_page_difference,no,,
temp/版本2：数学（按省份分类）2008-2024/2008-2024·（天津）数学高考真题/2021年高考数学试卷（天津）（空白卷）.pdf,deekur-2021-20-math,5,2,3132679458bc6fc372635423e298cb4277b3f01267f994f2e92ab5ecc0f2faa8,0260a0d8d9f5e8e07b5d4da1fd09a0b5bc7d79e453abc4e76b754329a3cc5296,2388,1893,0.433,content_or_page_difference,no,,
temp/版本2：数学（按省份分类）2008-2024/2008-2024·（天津）数学高考真题/2022年高考数学试卷（天津）（空白卷）.pdf,deekur-2022-30-math,6,2,edd1320f8559eaf4ecd467d073d3c62a82567177c75a188f02e8aae13485712f,bc085837df395b8e65e8422d5abced5c20148e4854f6750a9a6dc45523849210,2118,2054,0.335,content_or_page_difference,no,,
temp/版本2：数学（按省份分类）2008-2024/2008-2024·（天津）数学高考真题/2023年高考数学试卷（天津）（空白卷）.pdf,deekur-2023-40-math,5,2,73b73b5e1b1fff8cd457e92771b1087a4831144cbf59d5fc3f436c840eec1981,5fc2f39551a9883da731a64df4dbebccf75c1bf2cac3e602330e83fd5963f817,2084,2254,0.314,content_or_page_difference,no,,
temp/版本2：数学（按省份分类）2008-2024/2008-2024·（天津）数学高考真题/2024年高考数学试卷（天津）（空白卷）.pdf,deekur-2024-47-math,5,2,b7a261944149d9e4141609bddc86bdef355819d303a84650e10f535ea663a073,43a805c1a3492ec9d9e9c5edfe5e7207e3252c0befe4946e61299dde82458764,2412,2028,0.286,content_or_page_difference,no,,
temp/版本2：数学（按省份分类）2008-2024/2008-2024·（天津）数学高考真题/2024年高考数学试卷（天津）（空白卷）.pdf,temp-2024-数学-d7ffc6dab1af,5,3,b7a261944149d9e4141609bddc86bdef355819d303a84650e10f535ea663a073,f840c5ebbfa72fdb5cf94f067c4e6883dc289d163fa22aeedca8d30cec6b3ab4,2412,1746,0.646,content_or_page_difference,no,,
temp/版本2：数学（按省份分类）2008-2024/2008-2024·（宁夏）数学高考真题/2022年高考数学试卷（文）（全国乙卷）（空白卷）.pdf,temp-2022-数学-193147c003da,6,,1f4f0db6622221e7f6923bfa1ce05e1a9e7fbfbf703be778271c2fac28fa873d,,2693,0,,text_unavailable_or_too_short,no,,Stream has ended unexpectedly
temp/版本2：数学（按省份分类）2008-2024/2008-2024·（宁夏）数学高考真题/2022年高考数学试卷（理）（全国乙卷）（空白卷）.pdf,temp-2022-数学-d00e85ebf75c,5,,f2867631bd8e68a4c574dca49eb959f4ac357dbfaf4175ef896df38abe6822dc,,2982,0,,text_unavailable_or_too_short,no,,Stream has ended unexpectedly
temp/版本2：数学（按省份分类）2008-2024/2008-2024·（山东）数学高考真题/2020年高考数学试卷（新高考Ⅰ卷）（山东）（空白卷）.pdf,deekur-2020-10-math,5,2,16edc5b737d35d94cb195436995d2ed59afe1110d6b4a9ec808664645e83d34b,24cb97da00752d6aca77f64e2345da6e34b297056c85092cd5ab70d714df6413,3074,2790,0.615,content_or_page_difference,no,,
temp/版本2：数学（按省份分类）2008-2024/2008-2024·（山东）数学高考真题/2022年高考数学试卷（新高考Ⅰ卷）（空白卷）.pdf,deekur-2022-31-math,5,2,94fc1f5de1bf98d7da056561c4f0e3a587c7def4c967ecf1eb69bd2a26883eba,b24d853c3d228eca9875d0952c552afff22fecc2899cfcdf0a99e65c732d1941,2946,2352,0.480,content_or_page_difference,no,,
temp/版本2：数学（按省份分类）2008-2024/2008-2024·（山西）数学高考真题/2022年高考数学试卷（文）（全国乙卷）（空白卷）.pdf,temp-2022-数学-193147c003da,6,,1f4f0db6622221e7f6923bfa1ce05e1a9e7fbfbf703be778271c2fac28fa873d,,2693,0,,text_unavailable_or_too_short,no,,Stream has ended unexpectedly
temp/版本2：数学（按省份分类）2008-2024/2008-2024·（山西）数学高考真题/2022年高考数学试卷（理）（全国乙卷）（空白卷）.pdf,temp-2022-数学-d00e85ebf75c,5,,f2867631bd8e68a4c574dca49eb959f4ac357dbfaf4175ef896df38abe6822dc,,2982,0,,text_unavailable_or_too_short,no,,Stream has ended unexpectedly
temp/版本2：数学（按省份分类）2008-2024/2008-2024·（广东）数学高考真题/2022年高考数学试卷（新高考Ⅰ卷）（空白卷）.pdf,deekur-2022-31-math,5,2,94fc1f5de1bf98d7da056561c4f0e3a587c7def4c967ecf1eb69bd2a26883eba,b24d853c3d228eca9875d0952c552afff22fecc2899cfcdf0a99e65c732d1941,2946,2352,0.480,content_or_page_difference,no,,
temp/版本2：数学（按省份分类）2008-2024/2008-2024·（广东）数学高考真题/2024年高考数学试卷（新课标Ⅰ卷）（空白卷）.pdf,temp-2024-数学-3056423645c4,4,4,dfc396e20f7e7855dddf8c8fe3010e7c1efb17b162983ffcbeb23f69c3bb1f9f,dfc396e20f7e7855dddf8c8fe3010e7c1efb17b162983ffcbeb23f69c3bb1f9f,2593,2593,1.000,full_text_and_page_match,yes,,
temp/版本2：数学（按省份分类）2008-2024/2008-2024·（新疆）数学高考真题/2022年高考数学试卷（文）（全国乙卷）（空白卷）.pdf,temp-2022-数学-193147c003da,6,,1f4f0db6622221e7f6923bfa1ce05e1a9e7fbfbf703be778271c2fac28fa873d,,2693,0,,text_unavailable_or_too_short,no,,Stream has ended unexpectedly
temp/版本2：数学（按省份分类）2008-2024/2008-2024·（新疆）数学高考真题/2022年高考数学试卷（理）（全国乙卷）（空白卷）.pdf,temp-2022-数学-d00e85ebf75c,5,,f2867631bd8e68a4c574dca49eb959f4ac357dbfaf4175ef896df38abe6822dc,,2982,0,,text_unavailable_or_too_short,no,,Stream has ended unexpectedly
temp/版本2：数学（按省份分类）2008-2024/2008-2024·（江苏）数学高考真题/2008年高考数学试卷（江苏）（空白卷）.pdf,deekur-2008-math-73df050f49b1,5,2,c01cd2a11bcb1cfef4290b7ed7691866c3a2c23e70ce06af538c1214a6f29a06,3a84c09faa34b69e377731cd03553fbcd9c2ff93cb58ac90f53ac0d664d95c5f,2728,2659,0.581,content_or_page_difference,no,,
temp/版本2：数学（按省份分类）2008-2024/2008-2024·（江苏）数学高考真题/2009年高考数学试卷（江苏）（空白卷）.pdf,deekur-2009-math-21fa13c774f2,6,2,8a0c94a01daade1376f6d5f52569caec227a8b9a4ad703fbeed00d6083c19cc7,c67ba856cb7c2822cbfce7d1963e9aa21702356d0d1cf26b8a661e0b73db2fbb,3265,2615,0.568,content_or_page_difference,no,,
temp/版本2：数学（按省份分类）2008-2024/2008-2024·（江苏）数学高考真题/2010年高考数学试卷（江苏）（空白卷）.pdf,deekur-2010-math-a4fe957b5b79,6,2,8c0ee61ba89586dc9dea7aff70d1d6050906bbe65c19a08d05525d9af6cce9ba,8593f91e0a17f95e83380af9fc3e8f7bbc76d68ba6e1870f879eab20d930052b,3265,2494,0.548,content_or_page_difference,no,,
temp/版本2：数学（按省份分类）2008-2024/2008-2024·（江苏）数学高考真题/2011年高考数学试卷（江苏）（空白卷）.pdf,deekur-2011-math-1c7034f2732e,7,2,ff0e2c1958e15d233adf8b5f40a0c97f9dad9df1d8f3eed326f4a5ab5ff813a4,fd8491d9a5c9358cc2456080aba6af6b18ab0dab47b392397d51d310159ec923,2814,2202,0.499,content_or_page_difference,no,,
temp/版本2：数学（按省份分类）2008-2024/2008-2024·（江苏）数学高考真题/2012年高考数学试卷（江苏）（空白卷）.pdf,deekur-2012-math-1f98e5f38c25,7,2,b19e63a87a8d69f7a8a2676fbfcb491159081418b4baf32642f0990ba58ee2c9,debb8fe4262a5bcf80d592ddb103c53d2fa3cf407557e3d297150de5838a47ef,3108,2215,0.453,content_or_page_difference,no,,
temp/版本2：数学（按省份分类）2008-2024/2008-2024·（江苏）数学高考真题/2013年高考数学试卷（江苏）（空白卷）.pdf,deekur-2013-math-746a2b7d413d,6,2,9b674618df9962746c310289074afbea94d19d0bbb31ebf5512b556f1d81394e,746434c1f960a265ab876e202f9b6e96611a6c3b88be5cb67a027475a96a2282,2810,2311,0.477,content_or_page_difference,no,,
temp/版本2：数学（按省份分类）2008-2024/2008-2024·（江苏）数学高考真题/2014年高考数学试卷（江苏）（空白卷）.pdf,deekur-2014-math-bbb0e615d824,6,2,a61fb0b928243c956d03ba5f69eae1e70d2b4ee9fd18debb95e07db9e236ee85,4660f3986960158563e7de61c1898d4b5db61af238f09a69a8ae03b4fcfd23c5,2671,2288,0.513,content_or_page_difference,no,,
temp/版本2：数学（按省份分类）2008-2024/2008-2024·（江苏）数学高考真题/2015年高考数学试卷（江苏）（空白卷）.pdf,deekur-2015-math-d5f7b14d4518,5,2,d6c3393a3ed506440781ff091a353f4eaceb8de1d1964c65f86fa1a7e57fbdd9,4f1d310ffddb81f9df8086af80748efcf15f8b672f8de17204b91d3b5c21d694,2558,2138,0.582,content_or_page_difference,no,,
temp/版本2：数学（按省份分类）2008-2024/2008-2024·（江苏）数学高考真题/2016年高考数学试卷（江苏）（空白卷）.pdf,deekur-2016-math-8be111cf982c,5,2,b5f63fdb699f674bd4465a61f4546ea04e8141b2f21ab378a3654125313fb8b0,42c582792a76bbf195970f7977efb1eee1e68d3cca18b0867628a362e7032575,2518,2219,0.536,content_or_page_difference,no,,
temp/版本2：数学（按省份分类）2008-2024/2008-2024·（江苏）数学高考真题/2017年高考数学试卷（江苏）（空白卷）.pdf,deekur-数学-2017-014,11,2,18072e98aa44b5e6aa27b707482eb31aec4f57af5e03c5eb61b64995f8f3c15c,e37697c7daff38e490c8b2424185fcdd19fbaf92eb624fd79f58a6955264e30b,2523,2573,0.644,content_or_page_difference,no,,
temp/版本2：数学（按省份分类）2008-2024/2008-2024·（江苏）数学高考真题/2018年高考数学试卷（江苏）（空白卷）.pdf,deekur-数学-2018-027,6,2,20575c29c0c1388cfa5bbd36d6ece46fc59a2a7d1709eb4815585c9061b57881,bfaa8e8fa551470a9a1065bf64540c2e212fbee70fbcc591d96441de3cd44fea,3144,2466,0.527,content_or_page_difference,no,,
temp/版本2：数学（按省份分类）2008-2024/2008-2024·（江苏）数学高考真题/2019年高考数学试卷（江苏）（空白卷）.pdf,deekur-数学-2019-040,6,2,dd343eee28d7a3b306672d1f992b83abf225a30f8d612706d4ffc6c87fc99fe8,cc32d74a5f0352f8d4d974f85583478fc8d925880da01202a9066cc9e84dfc95,3078,2317,0.496,content_or_page_difference,no,,
temp/版本2：数学（按省份分类）2008-2024/2008-2024·（江苏）数学高考真题/2020年高考数学试卷（江苏）（空白卷）.pdf,deekur-2020-12-math,6,2,7cb7aba09a220a02b7f9f5e22d5e30544f945720e8a0894371f03968329de01d,5d3ee5a52dbc14f4a1923db9a0da86e7d083e035981fc9d238782330f7c87425,3107,2473,0.585,content_or_page_difference,no,,
temp/版本2：数学（按省份分类）2008-2024/2008-2024·（江苏）数学高考真题/2022年高考数学试卷（新高考Ⅰ卷）（空白卷）.pdf,deekur-2022-31-math,5,2,94fc1f5de1bf98d7da056561c4f0e3a587c7def4c967ecf1eb69bd2a26883eba,b24d853c3d228eca9875d0952c552afff22fecc2899cfcdf0a99e65c732d1941,2946,2352,0.480,content_or_page_difference,no,,
temp/版本2：数学（按省份分类）2008-2024/2008-2024·（江苏）数学高考真题/2024年高考数学试卷（新课标Ⅰ卷）（空白卷）.pdf,temp-2024-数学-3056423645c4,4,4,dfc396e20f7e7855dddf8c8fe3010e7c1efb17b162983ffcbeb23f69c3bb1f9f,dfc396e20f7e7855dddf8c8fe3010e7c1efb17b162983ffcbeb23f69c3bb1f9f,2593,2593,1.000,full_text_and_page_match,yes,,
temp/版本2：数学（按省份分类）2008-2024/2008-2024·（江西）数学高考真题/2022年高考数学试卷（文）（全国乙卷）（空白卷）.pdf,temp-2022-数学-193147c003da,6,,1f4f0db6622221e7f6923bfa1ce05e1a9e7fbfbf703be778271c2fac28fa873d,,2693,0,,text_unavailable_or_too_short,no,,Stream has ended unexpectedly
temp/版本2：数学（按省份分类）2008-2024/2008-2024·（江西）数学高考真题/2022年高考数学试卷（理）（全国乙卷）（空白卷）.pdf,temp-2022-数学-d00e85ebf75c,5,,f2867631bd8e68a4c574dca49eb959f4ac357dbfaf4175ef896df38abe6822dc,,2982,0,,text_unavailable_or_too_short,no,,Stream has ended unexpectedly
temp/版本2：数学（按省份分类）2008-2024/2008-2024·（江西）数学高考真题/2024年高考数学试卷（新课标Ⅰ卷）（空白卷）.pdf,temp-2024-数学-3056423645c4,4,4,dfc396e20f7e7855dddf8c8fe3010e7c1efb17b162983ffcbeb23f69c3bb1f9f,dfc396e20f7e7855dddf8c8fe3010e7c1efb17b162983ffcbeb23f69c3bb1f9f,2593,2593,1.000,full_text_and_page_match,yes,,
temp/版本2：数学（按省份分类）2008-2024/2008-2024·（河北）数学高考真题/2022年高考数学试卷（新高考Ⅰ卷）（空白卷）.pdf,deekur-2022-31-math,5,2,94fc1f5de1bf98d7da056561c4f0e3a587c7def4c967ecf1eb69bd2a26883eba,b24d853c3d228eca9875d0952c552afff22fecc2899cfcdf0a99e65c732d1941,2946,2352,0.480,content_or_page_difference,no,,
temp/版本2：数学（按省份分类）2008-2024/2008-2024·（河北）数学高考真题/2024年高考数学试卷（新课标Ⅰ卷）（空白卷）.pdf,temp-2024-数学-3056423645c4,4,4,dfc396e20f7e7855dddf8c8fe3010e7c1efb17b162983ffcbeb23f69c3bb1f9f,dfc396e20f7e7855dddf8c8fe3010e7c1efb17b162983ffcbeb23f69c3bb1f9f,2593,2593,1.000,full_text_and_page_match,yes,,
temp/版本2：数学（按省份分类）2008-2024/2008-2024·（河南）数学高考真题/2022年高考数学试卷（文）（全国乙卷）（空白卷）.pdf,temp-2022-数学-193147c003da,6,,1f4f0db6622221e7f6923bfa1ce05e1a9e7fbfbf703be778271c2fac28fa873d,,2693,0,,text_unavailable_or_too_short,no,,Stream has ended unexpectedly
temp/版本2：数学（按省份分类）2008-2024/2008-2024·（河南）数学高考真题/2022年高考数学试卷（理）（全国乙卷）（空白卷）.pdf,temp-2022-数学-d00e85ebf75c,5,,f2867631bd8e68a4c574dca49eb959f4ac357dbfaf4175ef896df38abe6822dc,,2982,0,,text_unavailable_or_too_short,no,,Stream has ended unexpectedly
temp/版本2：数学（按省份分类）2008-2024/2008-2024·（河南）数学高考真题/2024年高考数学试卷（新课标Ⅰ卷）（空白卷）.pdf,temp-2024-数学-3056423645c4,4,4,dfc396e20f7e7855dddf8c8fe3010e7c1efb17b162983ffcbeb23f69c3bb1f9f,dfc396e20f7e7855dddf8c8fe3010e7c1efb17b162983ffcbeb23f69c3bb1f9f,2593,2593,1.000,full_text_and_page_match,yes,,
temp/版本2：数学（按省份分类）2008-2024/2008-2024·（浙江）数学高考真题/2017年高考数学试卷（浙江）（空白卷）.pdf,deekur-数学-2017-015,4,2,4b94f3bb2220937927a8b7384ba24149eb1252f18c2c976b0f23809167ff7238,e57c73b504c377de3b1492a4ab0bb2cffb93057d7e7ec23b55244cf306d2e275,1905,1952,0.507,content_or_page_difference,no,,
temp/版本2：数学（按省份分类）2008-2024/2008-2024·（浙江）数学高考真题/2018年高考数学试卷（浙江）（空白卷）.pdf,deekur-数学-2018-028,5,2,ca9b268d02de0299fc533dbff6d400a2173198e926cd176fd376241ddea13edf,a5ea703a85ca937454b2237b9b1807d316a65942acb10b5b336865e3bb35a749,2650,1943,0.452,content_or_page_difference,no,,
temp/版本2：数学（按省份分类）2008-2024/2008-2024·（浙江）数学高考真题/2019年高考数学试卷（浙江）（空白卷）.pdf,deekur-数学-2019-041,5,2,cc2031cfa33e1058c5505adc1f133bf554312a3ed3aecfef0f537e46077756f3,6aaadbe5b05e6b5892fc68811fed48700194f50712121e0b09f9704702064720,2442,2043,0.431,content_or_page_difference,no,,
temp/版本2：数学（按省份分类）2008-2024/2008-2024·（浙江）数学高考真题/2020年高考数学试卷（浙江）（空白卷）.pdf,deekur-2020-13-math,4,2,66a3fb00767c464478a52e8aaf4a61463d2ff961e98322e52c4262b49b96f80b,b296c06804e80db1ff0e3d0703251bd9defbfc4391c27f6a791a0cf977d2aeba,1815,1929,0.500,content_or_page_difference,no,,
temp/版本2：数学（按省份分类）2008-2024/2008-2024·（浙江）数学高考真题/2021年高考数学试卷（浙江）（空白卷）.pdf,deekur-2021-23-math,7,2,4c9326f48fc8bb72507402dff82596f2046adc5504b4615796c672d333b707c7,f35dac67d19de7c16c05a3b11f0fc7e28365fb18cb244f434fb2adc3293896c8,2899,2213,0.428,content_or_page_difference,no,,
temp/版本2：数学（按省份分类）2008-2024/2008-2024·（浙江）数学高考真题/2022年高考数学试卷（浙江）（空白卷）.pdf,deekur-2022-33-math,6,2,0142ff79442aa9f13ff5a32cd40cc711a3edf9e416488637b410d1229b7f106c,fe18b67b7b110634b5f72ddc9a8ca908a97d98eda493502b00f38d3c1b57ac37,2864,2141,0.383,content_or_page_difference,no,,
temp/版本2：数学（按省份分类）2008-2024/2008-2024·（浙江）数学高考真题/2022年高考数学试卷（浙江）（空白卷）.pdf,temp-2022-数学-09dfad0d449a,6,,0142ff79442aa9f13ff5a32cd40cc711a3edf9e416488637b410d1229b7f106c,,2864,0,,text_unavailable_or_too_short,no,,Stream has ended unexpectedly
temp/版本2：数学（按省份分类）2008-2024/2008-2024·（浙江）数学高考真题/2024年高考数学试卷（新课标Ⅰ卷）（空白卷）.pdf,temp-2024-数学-3056423645c4,4,4,dfc396e20f7e7855dddf8c8fe3010e7c1efb17b162983ffcbeb23f69c3bb1f9f,dfc396e20f7e7855dddf8c8fe3010e7c1efb17b162983ffcbeb23f69c3bb1f9f,2593,2593,1.000,full_text_and_page_match,yes,,
temp/版本2：数学（按省份分类）2008-2024/2008-2024·（海南）数学高考真题/2020年高考数学试卷（新高考Ⅱ卷）（海南）（空白卷）.pdf,deekur-2020-11-math,7,2,6f23db752142cd85bb010fd49dc86a281b367718e54de01eb0d5535fedba6114,648f2c71e47a0fd5f427f2239e66af1c425a5fe159e47863a015d91fb198433c,3101,2501,0.454,content_or_page_difference,no,,
temp/版本2：数学（按省份分类）2008-2024/2008-2024·（海南）数学高考真题/2021年高考数学试卷（新高考Ⅱ卷）（空白卷）.pdf,deekur-2021-22-math,4,2,e8184d1038d4d5819feca844366d82a63acca6dcdbefaf34274877168e8bb72f,d7a8e5c1eba335eeacdd5f4cb2a0ea0a1808f05eb60f0f0e76e39d931324a7b2,2571,2415,0.501,content_or_page_difference,no,,
temp/版本2：数学（按省份分类）2008-2024/2008-2024·（海南）数学高考真题/2022年高考数学试卷（新高考Ⅱ卷）（空白卷）.pdf,deekur-2022-32-math,6,2,7cb5e4c6153eb1875c7244607b01dadc45747908cb02fa2015c58a6e4457dfa9,6cecb59ca321a14debd6ec251412df019c272c566c370d51d81bb155abe0f0d2,2759,2463,0.487,content_or_page_difference,no,,
temp/版本2：数学（按省份分类）2008-2024/2008-2024·（湖南）数学高考真题/2022年高考数学试卷（新高考Ⅰ卷）（空白卷）.pdf,deekur-2022-31-math,5,2,94fc1f5de1bf98d7da056561c4f0e3a587c7def4c967ecf1eb69bd2a26883eba,b24d853c3d228eca9875d0952c552afff22fecc2899cfcdf0a99e65c732d1941,2946,2352,0.480,content_or_page_difference,no,,
temp/版本2：数学（按省份分类）2008-2024/2008-2024·（湖南）数学高考真题/2024年高考数学试卷（新课标Ⅰ卷）（空白卷）.pdf,temp-2024-数学-3056423645c4,4,4,dfc396e20f7e7855dddf8c8fe3010e7c1efb17b162983ffcbeb23f69c3bb1f9f,dfc396e20f7e7855dddf8c8fe3010e7c1efb17b162983ffcbeb23f69c3bb1f9f,2593,2593,1.000,full_text_and_page_match,yes,,
temp/版本2：数学（按省份分类）2008-2024/2008-2024·（甘肃）数学高考真题/2022年高考数学试卷（文）（全国乙卷）（空白卷）.pdf,temp-2022-数学-193147c003da,6,,1f4f0db6622221e7f6923bfa1ce05e1a9e7fbfbf703be778271c2fac28fa873d,,2693,0,,text_unavailable_or_too_short,no,,Stream has ended unexpectedly
temp/版本2：数学（按省份分类）2008-2024/2008-2024·（甘肃）数学高考真题/2022年高考数学试卷（理）（全国乙卷）（空白卷）.pdf,temp-2022-数学-d00e85ebf75c,5,,f2867631bd8e68a4c574dca49eb959f4ac357dbfaf4175ef896df38abe6822dc,,2982,0,,text_unavailable_or_too_short,no,,Stream has ended unexpectedly
temp/版本2：数学（按省份分类）2008-2024/2008-2024·（辽宁）数学高考真题/2021年高考数学试卷（新高考Ⅱ卷）（空白卷）.pdf,deekur-2021-22-math,4,2,e8184d1038d4d5819feca844366d82a63acca6dcdbefaf34274877168e8bb72f,d7a8e5c1eba335eeacdd5f4cb2a0ea0a1808f05eb60f0f0e76e39d931324a7b2,2571,2415,0.501,content_or_page_difference,no,,
temp/版本2：数学（按省份分类）2008-2024/2008-2024·（辽宁）数学高考真题/2022年高考数学试卷（新高考Ⅱ卷）（空白卷）.pdf,deekur-2022-32-math,6,2,7cb5e4c6153eb1875c7244607b01dadc45747908cb02fa2015c58a6e4457dfa9,6cecb59ca321a14debd6ec251412df019c272c566c370d51d81bb155abe0f0d2,2759,2463,0.487,content_or_page_difference,no,,
temp/版本2：数学（按省份分类）2008-2024/2008-2024·（陕西）数学高考真题/2022年高考数学试卷（文）（全国乙卷）（空白卷）.pdf,temp-2022-数学-193147c003da,6,,1f4f0db6622221e7f6923bfa1ce05e1a9e7fbfbf703be778271c2fac28fa873d,,2693,0,,text_unavailable_or_too_short,no,,Stream has ended unexpectedly
temp/版本2：数学（按省份分类）2008-2024/2008-2024·（陕西）数学高考真题/2022年高考数学试卷（理）（全国乙卷）（空白卷）.pdf,temp-2022-数学-d00e85ebf75c,5,,f2867631bd8e68a4c574dca49eb959f4ac357dbfaf4175ef896df38abe6822dc,,2982,0,,text_unavailable_or_too_short,no,,Stream has ended unexpectedly
temp/版本2：数学（按省份分类）2008-2024/2008-2024·（青海）数学高考真题/2022年高考数学试卷（文）（全国乙卷）（空白卷）.pdf,temp-2022-数学-193147c003da,6,,1f4f0db6622221e7f6923bfa1ce05e1a9e7fbfbf703be778271c2fac28fa873d,,2693,0,,text_unavailable_or_too_short,no,,Stream has ended unexpectedly
temp/版本2：数学（按省份分类）2008-2024/2008-2024·（青海）数学高考真题/2022年高考数学试卷（理）（全国乙卷）（空白卷）.pdf,temp-2022-数学-d00e85ebf75c,5,,f2867631bd8e68a4c574dca49eb959f4ac357dbfaf4175ef896df38abe6822dc,,2982,0,,text_unavailable_or_too_short,no,,Stream has ended unexpectedly
temp/版本2：数学（按省份分类）2008-2024/2008-2024·（黑龙江）数学高考真题/2022年高考数学试卷（文）（全国乙卷）（空白卷）.pdf,temp-2022-数学-193147c003da,6,,1f4f0db6622221e7f6923bfa1ce05e1a9e7fbfbf703be778271c2fac28fa873d,,2693,0,,text_unavailable_or_too_short,no,,Stream has ended unexpectedly
temp/版本2：数学（按省份分类）2008-2024/2008-2024·（黑龙江）数学高考真题/2022年高考数学试卷（理）（全国乙卷）（空白卷）.pdf,temp-2022-数学-d00e85ebf75c,5,,f2867631bd8e68a4c574dca49eb959f4ac357dbfaf4175ef896df38abe6822dc,,2982,0,,text_unavailable_or_too_short,no,,Stream has ended unexpectedly
temp/版本2：数学（按省份分类）2008-2024/2012-2024·（安徽）数学高考真题/2022年高考数学试卷（文）（全国乙卷）（空白卷）.pdf,temp-2022-数学-193147c003da,6,,1f4f0db6622221e7f6923bfa1ce05e1a9e7fbfbf703be778271c2fac28fa873d,,2693,0,,text_unavailable_or_too_short,no,,Stream has ended unexpectedly
temp/版本2：数学（按省份分类）2008-2024/2012-2024·（安徽）数学高考真题/2022年高考数学试卷（理）（全国乙卷）（空白卷）.pdf,temp-2022-数学-d00e85ebf75c,5,,f2867631bd8e68a4c574dca49eb959f4ac357dbfaf4175ef896df38abe6822dc,,2982,0,,text_unavailable_or_too_short,no,,Stream has ended unexpectedly
temp/版本2：数学（按省份分类）2008-2024/2012-2024·（安徽）数学高考真题/2024年高考数学试卷（新课标Ⅰ卷）（空白卷）.pdf,temp-2024-数学-3056423645c4,4,4,dfc396e20f7e7855dddf8c8fe3010e7c1efb17b162983ffcbeb23f69c3bb1f9f,dfc396e20f7e7855dddf8c8fe3010e7c1efb17b162983ffcbeb23f69c3bb1f9f,2593,2593,1.000,full_text_and_page_match,yes,,
temp/版本2：数学（按省份分类）2008-2024/2012-2024·（湖北）数学高考真题/2022年高考数学试卷（新高考Ⅰ卷）（空白卷）.pdf,deekur-2022-31-math,5,2,94fc1f5de1bf98d7da056561c4f0e3a587c7def4c967ecf1eb69bd2a26883eba,b24d853c3d228eca9875d0952c552afff22fecc2899cfcdf0a99e65c732d1941,2946,2352,0.480,content_or_page_difference,no,,
temp/版本2：数学（按省份分类）2008-2024/2012-2024·（湖北）数学高考真题/2024年高考数学试卷（新课标Ⅰ卷）（空白卷）.pdf,temp-2024-数学-3056423645c4,4,4,dfc396e20f7e7855dddf8c8fe3010e7c1efb17b162983ffcbeb23f69c3bb1f9f,dfc396e20f7e7855dddf8c8fe3010e7c1efb17b162983ffcbeb23f69c3bb1f9f,2593,2593,1.000,full_text_and_page_match,yes,,
temp/版本2：数学（按省份分类）2008-2024/2012-2024·（福建）数学高考真题/2022年高考数学试卷（新高考Ⅰ卷）（空白卷）.pdf,deekur-2022-31-math,5,2,94fc1f5de1bf98d7da056561c4f0e3a587c7def4c967ecf1eb69bd2a26883eba,b24d853c3d228eca9875d0952c552afff22fecc2899cfcdf0a99e65c732d1941,2946,2352,0.480,content_or_page_difference,no,,
temp/版本2：数学（按省份分类）2008-2024/2012-2024·（福建）数学高考真题/2024年高考数学试卷（新课标Ⅰ卷）（空白卷）.pdf,temp-2024-数学-3056423645c4,4,4,dfc396e20f7e7855dddf8c8fe3010e7c1efb17b162983ffcbeb23f69c3bb1f9f,dfc396e20f7e7855dddf8c8fe3010e7c1efb17b162983ffcbeb23f69c3bb1f9f,2593,2593,1.000,full_text_and_page_match,yes,,
temp/版本2：数学（按省份分类）2008-2024/2012-2024·（重庆）数学高考真题/2021年高考数学试卷（新高考Ⅱ卷）（空白卷）.pdf,deekur-2021-22-math,4,2,e8184d1038d4d5819feca844366d82a63acca6dcdbefaf34274877168e8bb72f,d7a8e5c1eba335eeacdd5f4cb2a0ea0a1808f05eb60f0f0e76e39d931324a7b2,2571,2415,0.501,content_or_page_difference,no,,
temp/版本2：数学（按省份分类）2008-2024/2012-2024·（重庆）数学高考真题/2022年高考数学试卷（新高考Ⅱ卷）（空白卷）.pdf,deekur-2022-32-math,6,2,7cb5e4c6153eb1875c7244607b01dadc45747908cb02fa2015c58a6e4457dfa9,6cecb59ca321a14debd6ec251412df019c272c566c370d51d81bb155abe0f0d2,2759,2463,0.487,content_or_page_difference,no,,
temp/版本2：物理（按省份分类）2008-2024/2008-2023·（天津）物理高考真题/2020年高考物理试卷（天津）（空白卷）.pdf,deekur-物理-2020-047,8,13,51743a904c73331676163beff23a601685722cf53b3591e44d868700783ca111,84a13dd7d9f35286c4211d0731db19f4a7e82a08b25cf4f49df01ea0af7125b7,3212,8808,0.505,content_or_page_difference,no,,
temp/版本2：物理（按省份分类）2008-2024/2008-2023·（天津）物理高考真题/2021年高考物理试卷（天津）（空白卷）.pdf,deekur-物理-2021-057,8,7,dd96f0234bdcfe1ad826f0a3d314aa30711c6fa69590957258ec85ad9af33075,79d4e19844ffada8e36690cd192092dd8501db78b8a0493ddf2f2302d32309ba,3410,6092,0.678,content_or_page_difference,no,,
temp/版本2：物理（按省份分类）2008-2024/2008-2023·（天津）物理高考真题/2022年高考物理试卷（天津）（缺第2-4题）（空白卷）.pdf,deekur-物理-2022-074,6,12,d1ceaa978c33c27703c142a28d7aad970e98109e20f66de1f491c53a90f0004d,ac34a49cd35714c88a5e6cbf2634ba262b3c59e2588a88e1351098aa2cc5c797,2384,7030,0.446,content_or_page_difference,no,,
temp/版本2：物理（按省份分类）2008-2024/2008-2023·（天津）物理高考真题/2023年高考物理试卷（天津）（空白卷）.pdf,deekur-物理-2023-091,6,7,cac0a32b6dab3a7c996c26e9a900a53b4eb988427823d5bba198b7c203c460af,52364ba7c878ee0914e7137c7a8768375798fd793f64dbfc8a5b7f14d5c4b9a3,2159,5040,0.543,content_or_page_difference,no,,
temp/版本2：物理（按省份分类）2008-2024/2008-2023·（贵州）物理高考真题/2020年高考物理试卷（新课标Ⅲ）（空白卷）.pdf,deekur-物理-2020-045,8,16,bd6f5f96fc1dadc048d6e77ea06f0719365197817fa0de0994e012f31fc5b37c,375f9a4820ec8c2e5fbb0611b78f22210cfbf8dca389d7a957744ff97abc45c3,3341,11910,0.413,content_or_page_difference,no,,
temp/版本2：物理（按省份分类）2008-2024/2008-2023·（贵州）物理高考真题/2021年高考物理试卷（全国甲卷）（空白卷）.pdf,deekur-物理-2021-055,8,12,a9ab35c7f02bbf2c3569224d06511f0de953a1828dc1b9da926d8ed260d8ccbf,5ebaf9feaa59b37c2f7ef0e52e642cf4204c19c730af8ab11e1fcf6165e5a708,4061,7927,0.641,content_or_page_difference,no,,
temp/版本2：物理（按省份分类）2008-2024/2008-2023·（贵州）物理高考真题/2022年高考物理试卷（全国甲卷）（空白卷）.pdf,deekur-物理-2022-072,8,13,0b38d6ee5dc799b3ee69a5b86ee0dd6e8a33c457d2b3775707b2d4e49702b747,a23283067cd4a27739939d05cf430a757a1144d748954eedc25c121f66612524,3670,9654,0.512,content_or_page_difference,no,,
temp/版本2：物理（按省份分类）2008-2024/2008-2023·（贵州）物理高考真题/2023年高考物理试卷（全国甲卷）（空白卷）.pdf,deekur-物理-2023-089,7,10,e5b4d22c8cccf4c9c0624cefb9aeef6405c1050215e620eebb2454df8ec7b6a9,97c1a275c3739adc2ffd4ce18d7c937c101ec7aa956e620c7134f9056d20bd71,3156,6492,0.610,content_or_page_difference,no,,
temp/版本2：物理（按省份分类）2008-2024/2008-2024·（上海）物理高考真题/2020年高考物理试卷（上海）（空白卷）.pdf,deekur-物理-2020-042,5,5,e313ef660c26ae7d17cc154dcbc83ea8099696c41e046393185e689e300fe50f,e9fee7f22bfbf89efdf0c2f817b5884b42aaadf420406797f81a21f408adb988,2847,3271,0.695,content_or_page_difference,no,,
temp/版本2：物理（按省份分类）2008-2024/2008-2024·（上海）物理高考真题/2021年高考物理试卷（上海）（空白卷）.pdf,deekur-物理-2021-053,5,4,7719b73c0a0d7ac9aceec9397d82b20b468f5d464d1ed5818a7fa206e987b886,9c6aba509712cdff9439508167b7f7b952c840ee558c31b8a7d68cdf8f9041fa,2104,2820,0.460,content_or_page_difference,no,,
temp/版本2：物理（按省份分类）2008-2024/2008-2024·（上海）物理高考真题/2022年高考物理试卷（上海）（空白卷）.pdf,deekur-物理-2022-070,6,7,906c5fee9043777ec6f37e377f86a436c01d99eb87431f26fae123b6b5fdba91,dce36e7308a2f9a12aed8cd426fac97e38492e9074373c9d1b022fa7098c52da,2545,4966,0.388,content_or_page_difference,no,,
temp/版本2：物理（按省份分类）2008-2024/2008-2024·（上海）物理高考真题/2024年高考物理试卷（上海）（回忆版）（空白卷）.pdf,deekur-2024-physics-001,6,9,20de706e68f5f7c139681f7bbb5ad9559e51460dcb1d566b5456dece6935efda,f6aa82861c54ed99d1bc652b86f1ab7445d7626644544f5ea3e6797e7f322ef7,3588,5764,0.656,content_or_page_difference,no,,
temp/版本2：物理（按省份分类）2008-2024/2008-2024·（云南）物理高考真题/2020年高考物理试卷（新课标Ⅲ）（空白卷）.pdf,deekur-物理-2020-045,8,16,bd6f5f96fc1dadc048d6e77ea06f0719365197817fa0de0994e012f31fc5b37c,375f9a4820ec8c2e5fbb0611b78f22210cfbf8dca389d7a957744ff97abc45c3,3341,11910,0.413,content_or_page_difference,no,,
temp/版本2：物理（按省份分类）2008-2024/2008-2024·（云南）物理高考真题/2021年高考物理试卷（全国甲卷）（空白卷）.pdf,deekur-物理-2021-055,8,12,a9ab35c7f02bbf2c3569224d06511f0de953a1828dc1b9da926d8ed260d8ccbf,5ebaf9feaa59b37c2f7ef0e52e642cf4204c19c730af8ab11e1fcf6165e5a708,4061,7927,0.641,content_or_page_difference,no,,
temp/版本2：物理（按省份分类）2008-2024/2008-2024·（云南）物理高考真题/2022年高考物理试卷（全国甲卷）（空白卷）.pdf,deekur-物理-2022-072,8,13,0b38d6ee5dc799b3ee69a5b86ee0dd6e8a33c457d2b3775707b2d4e49702b747,a23283067cd4a27739939d05cf430a757a1144d748954eedc25c121f66612524,3670,9654,0.512,content_or_page_difference,no,,
temp/版本2：物理（按省份分类）2008-2024/2008-2024·（内蒙古）物理高考真题/2020年高考物理试卷（新课标Ⅱ）（空白卷）.pdf,deekur-物理-2020-044,8,16,18f22a3d1654b7af4baedd6b54a935a18dfea3c706ea7148f3f6c3755c186a91,3c15e3e05bdeb8dfb208aac8b7bc06b5d721831d53b4d04994e0fd1abdc334a5,3731,11700,0.445,content_or_page_difference,no,,
temp/版本2：物理（按省份分类）2008-2024/2008-2024·（内蒙古）物理高考真题/2021年高考物理试卷（全国乙卷）（空白卷）.pdf,deekur-物理-2021-054,9,13,878394ed4a13164c6518eb904b291ed32a5b6d008c059ed8c3b8e4b56b14c1ad,dc2ba092c10f6f26f86254c0b46ccf6271396368d9a2537b1f77c0bbb055c5c9,3789,7819,0.586,content_or_page_difference,no,,
temp/版本2：物理（按省份分类）2008-2024/2008-2024·（内蒙古）物理高考真题/2022年高考物理试卷（全国乙卷）（空白卷）.pdf,deekur-物理-2022-071,8,11,c1063f2e006621750cd84c6410b92fde3a9d1929d3a585997840484c49022c3b,3fe6ad49efc4ca1abf4ecffbb3d16d5ba119fe0adb841ca1a9edda4a598459fc,3509,8182,0.555,content_or_page_difference,no,,
temp/版本2：物理（按省份分类）2008-2024/2008-2024·（内蒙古）物理高考真题/2022年高考物理试卷（全国乙卷）（空白卷）.pdf,temp-2022-物理-c98892bfcb52,8,,c1063f2e006621750cd84c6410b92fde3a9d1929d3a585997840484c49022c3b,,3509,0,,text_unavailable_or_too_short,no,,Stream has ended unexpectedly
temp/版本2：物理（按省份分类）2008-2024/2008-2024·（内蒙古）物理高考真题/2023年高考物理试卷（全国乙卷）（空白卷）.pdf,deekur-物理-2023-088,8,12,eed81522e43274c865543e3fcd8e50366db4473e5cecb9bdfd75ea96169f3d78,dada7109d894cdaf37246e949e9ce5c45b717bb7fe4d23cf0c8c322bf409f73a,3734,7942,0.601,content_or_page_difference,no,,
temp/版本2：物理（按省份分类）2008-2024/2008-2024·（内蒙古）物理高考真题/2024年高考物理试卷（全国甲卷）（空白卷）.pdf,temp-2024-物理-8218b42187f3,7,6,c2752f63198cb3e1e11048f2cc69a9535674ff4f5b3d1c6b8ed37bc36cfaca5c,31e72cf9455a2673eb3660d978f7b4ab4e057b591e61fb0ab9e53822c7b2cf16,3933,3315,0.786,likely_same_content_layout_difference,no,,
temp/版本2：物理（按省份分类）2008-2024/2008-2024·（北京）物理高考真题/2020年高考物理试卷（北京）（空白卷）.pdf,deekur-物理-2020-046,13,22,6af983c256a01afe839c3184d238816f2c23a8d50dedcc9022d5308107ae1f04,e0fce1091ab908a58e34f7a6c408a8c0b7f144b503e15707c5395f2da8561d00,4585,17457,0.503,content_or_page_difference,no,,
temp/版本2：物理（按省份分类）2008-2024/2008-2024·（北京）物理高考真题/2021年高考物理试卷（北京）（空白卷）.pdf,deekur-物理-2021-056,10,19,ceb74a4de16dcdd0b2c6f0c116bd0e5f85a189945254a0ceb860e805de94ef95,e6763c5b94c3fd03e08323e00b30d584c373b7bb469a8007c09197da76be741e,4683,14309,0.527,content_or_page_difference,no,,
temp/版本2：物理（按省份分类）2008-2024/2008-2024·（北京）物理高考真题/2022年高考物理试卷（北京）（空白卷）.pdf,deekur-物理-2022-073,10,13,04faa7c488b4e4e84a3565ac3acabac933eec2ef3eeefe0552993b02d3f26a39,7d821855bac31669fc38a3f833ae1184fe10aae9348c753dc889a8edc0f15a69,4578,9373,0.616,content_or_page_difference,no,,
temp/版本2：物理（按省份分类）2008-2024/2008-2024·（北京）物理高考真题/2023年高考物理试卷（北京）（空白卷）.pdf,deekur-物理-2023-090,9,11,21cf247705504d543d9d3fd63e0964f818025a3e785b615120144a02201b7a26,19c327316077735f60d20655aa8d5b4fdb70a17c65643224624e4f74cc978726,4665,8546,0.663,content_or_page_difference,no,,
temp/版本2：物理（按省份分类）2008-2024/2008-2024·（北京）物理高考真题/2024年高考物理试卷（北京）（空白卷）.pdf,deekur-2024-physics-003,8,11,8847a733082724aa7df739f1f0b6de685af98c72666e819ef3fc23c7314a21b1,7ed2267b317425f34f8ca75284d97357e68c1a6e5f2e3772fb1850e869defa12,4762,8896,0.654,content_or_page_difference,no,,
temp/版本2：物理（按省份分类）2008-2024/2008-2024·（吉林）物理高考真题/2020年高考物理试卷（新课标Ⅱ）（空白卷）.pdf,deekur-物理-2020-044,8,16,18f22a3d1654b7af4baedd6b54a935a18dfea3c706ea7148f3f6c3755c186a91,3c15e3e05bdeb8dfb208aac8b7bc06b5d721831d53b4d04994e0fd1abdc334a5,3731,11700,0.445,content_or_page_difference,no,,
temp/版本2：物理（按省份分类）2008-2024/2008-2024·（吉林）物理高考真题/2021年高考物理试卷（全国乙卷）（空白卷）.pdf,deekur-物理-2021-054,9,13,878394ed4a13164c6518eb904b291ed32a5b6d008c059ed8c3b8e4b56b14c1ad,dc2ba092c10f6f26f86254c0b46ccf6271396368d9a2537b1f77c0bbb055c5c9,3789,7819,0.586,content_or_page_difference,no,,
temp/版本2：物理（按省份分类）2008-2024/2008-2024·（吉林）物理高考真题/2022年高考物理试卷（全国乙卷）（空白卷）.pdf,deekur-物理-2022-071,8,11,c1063f2e006621750cd84c6410b92fde3a9d1929d3a585997840484c49022c3b,3fe6ad49efc4ca1abf4ecffbb3d16d5ba119fe0adb841ca1a9edda4a598459fc,3509,8182,0.555,content_or_page_difference,no,,
temp/版本2：物理（按省份分类）2008-2024/2008-2024·（吉林）物理高考真题/2022年高考物理试卷（全国乙卷）（空白卷）.pdf,temp-2022-物理-c98892bfcb52,8,,c1063f2e006621750cd84c6410b92fde3a9d1929d3a585997840484c49022c3b,,3509,0,,text_unavailable_or_too_short,no,,Stream has ended unexpectedly
temp/版本2：物理（按省份分类）2008-2024/2008-2024·（四川）物理高考真题/2020年高考物理试卷（新课标Ⅲ）（空白卷）.pdf,deekur-物理-2020-045,8,16,bd6f5f96fc1dadc048d6e77ea06f0719365197817fa0de0994e012f31fc5b37c,375f9a4820ec8c2e5fbb0611b78f22210cfbf8dca389d7a957744ff97abc45c3,3341,11910,0.413,content_or_page_difference,no,,
temp/版本2：物理（按省份分类）2008-2024/2008-2024·（四川）物理高考真题/2021年高考物理试卷（全国甲卷）（空白卷）.pdf,deekur-物理-2021-055,8,12,a9ab35c7f02bbf2c3569224d06511f0de953a1828dc1b9da926d8ed260d8ccbf,5ebaf9feaa59b37c2f7ef0e52e642cf4204c19c730af8ab11e1fcf6165e5a708,4061,7927,0.641,content_or_page_difference,no,,
temp/版本2：物理（按省份分类）2008-2024/2008-2024·（四川）物理高考真题/2022年高考物理试卷（全国甲卷）（空白卷）.pdf,deekur-物理-2022-072,8,13,0b38d6ee5dc799b3ee69a5b86ee0dd6e8a33c457d2b3775707b2d4e49702b747,a23283067cd4a27739939d05cf430a757a1144d748954eedc25c121f66612524,3670,9654,0.512,content_or_page_difference,no,,
temp/版本2：物理（按省份分类）2008-2024/2008-2024·（四川）物理高考真题/2023年高考物理试卷（全国甲卷）（空白卷）.pdf,deekur-物理-2023-089,7,10,e5b4d22c8cccf4c9c0624cefb9aeef6405c1050215e620eebb2454df8ec7b6a9,97c1a275c3739adc2ffd4ce18d7c937c101ec7aa956e620c7134f9056d20bd71,3156,6492,0.610,content_or_page_difference,no,,
temp/版本2：物理（按省份分类）2008-2024/2008-2024·（四川）物理高考真题/2024年高考物理试卷（全国甲卷）（空白卷）.pdf,temp-2024-物理-8218b42187f3,7,6,c2752f63198cb3e1e11048f2cc69a9535674ff4f5b3d1c6b8ed37bc36cfaca5c,31e72cf9455a2673eb3660d978f7b4ab4e057b591e61fb0ab9e53822c7b2cf16,3933,3315,0.786,likely_same_content_layout_difference,no,,
temp/版本2：物理（按省份分类）2008-2024/2008-2024·（山东）物理高考真题/2020年高考物理试卷（山东）（空白卷）.pdf,deekur-物理-2020-048,11,29,c4f8ce675bd449cbb9ad55ec8124196bf459b28278f6eebb42f9e85e8d7ab58e,7ce04786268984d69bfd3b768e16cf031ed46dc2a2c9bc0453e1f665ff99a9ec,5312,20294,0.574,content_or_page_difference,no,,
temp/版本2：物理（按省份分类）2008-2024/2008-2024·（山东）物理高考真题/2021年高考物理试卷（山东）（空白卷）.pdf,deekur-物理-2021-058,12,17,7892e3f276369dec93361ad5ef8347b6ecac35a67f06e5e5a43d73bcd5e85cd4,3cf180ea076bdeafd0269e40773b2eedec99af39cd3476f188eb82c62c3277c8,5002,10230,0.605,content_or_page_difference,no,,
temp/版本2：物理（按省份分类）2008-2024/2008-2024·（山东）物理高考真题/2022年高考物理试卷（山东）（空白卷）.pdf,deekur-物理-2022-075,11,21,f6c3742672757c28604f9394b44ca397d41b51cb5a9f532bec2db8e432f66319,48f435969d5b18ca8615a8d30166a99a44902375e252678d30f7be978d5a8562,5133,11596,0.560,content_or_page_difference,no,,
temp/版本2：物理（按省份分类）2008-2024/2008-2024·（山东）物理高考真题/2022年高考物理试卷（山东）（空白卷）.pdf,temp-2022-物理-cd09317bca7d,11,,f6c3742672757c28604f9394b44ca397d41b51cb5a9f532bec2db8e432f66319,,5133,0,,text_unavailable_or_too_short,no,,Stream has ended unexpectedly
temp/版本2：物理（按省份分类）2008-2024/2008-2024·（山东）物理高考真题/2023年高考物理试卷（山东）（空白卷）.pdf,deekur-物理-2023-092,10,15,f6aaac708d626fa4feefd29c8c370f04791c94d48e455ea664124fa3d28179a9,b85fc97df632153254422cebfdac455c91d641fa3dab5e1d4a26234915382304,4993,10051,0.600,content_or_page_difference,no,,
temp/版本2：物理（按省份分类）2008-2024/2008-2024·（山西）物理高考真题/2020年高考物理试卷（新课标Ⅰ）（空白卷）.pdf,deekur-物理-2020-043,9,15,399e2877d8d23c04100b08d2f71db3f748f49091f088438c69eacbcebf644a97,61196285b1fb8f1dea460672c5b2893219720f68ac21f0fd3c1081174af4bec5,3479,11954,0.422,content_or_page_difference,no,,
temp/版本2：物理（按省份分类）2008-2024/2008-2024·（山西）物理高考真题/2021年高考物理试卷（全国乙卷）（空白卷）.pdf,deekur-物理-2021-054,9,13,878394ed4a13164c6518eb904b291ed32a5b6d008c059ed8c3b8e4b56b14c1ad,dc2ba092c10f6f26f86254c0b46ccf6271396368d9a2537b1f77c0bbb055c5c9,3789,7819,0.586,content_or_page_difference,no,,
temp/版本2：物理（按省份分类）2008-2024/2008-2024·（山西）物理高考真题/2022年高考物理试卷（全国乙卷）（空白卷）.pdf,deekur-物理-2022-071,8,11,c1063f2e006621750cd84c6410b92fde3a9d1929d3a585997840484c49022c3b,3fe6ad49efc4ca1abf4ecffbb3d16d5ba119fe0adb841ca1a9edda4a598459fc,3509,8182,0.555,content_or_page_difference,no,,
temp/版本2：物理（按省份分类）2008-2024/2008-2024·（山西）物理高考真题/2022年高考物理试卷（全国乙卷）（空白卷）.pdf,temp-2022-物理-c98892bfcb52,8,,c1063f2e006621750cd84c6410b92fde3a9d1929d3a585997840484c49022c3b,,3509,0,,text_unavailable_or_too_short,no,,Stream has ended unexpectedly
temp/版本2：物理（按省份分类）2008-2024/2008-2024·（广东）物理高考真题/2020年高考物理试卷（新课标Ⅰ）（空白卷）.pdf,deekur-物理-2020-043,9,15,399e2877d8d23c04100b08d2f71db3f748f49091f088438c69eacbcebf644a97,61196285b1fb8f1dea460672c5b2893219720f68ac21f0fd3c1081174af4bec5,3479,11954,0.422,content_or_page_difference,no,,
temp/版本2：物理（按省份分类）2008-2024/2008-2024·（广东）物理高考真题/2021年高考物理试卷（广东）（空白卷）.pdf,deekur-物理-2021-059,9,11,0da114d0db5a9a702c0622f0c79dbcbe2f2533dcb81fa5171d9149663456628d,3993b1d7b7cfcb1bfed863165573199e8a0df2608215cc93393d1cfefc1ebe2a,4111,7522,0.661,content_or_page_difference,no,,
temp/版本2：物理（按省份分类）2008-2024/2008-2024·（广东）物理高考真题/2022年高考物理试卷（广东）（空白卷）.pdf,deekur-物理-2022-076,9,12,fd3d1d0b0aa5c82602654c997f3761763d1bd89dc10337c3a7ee1b493440eb3b,7185547efb0774133149035aa1296fbad78317ed3b7533771f5e7295aa0252df,4642,8307,0.683,content_or_page_difference,no,,
temp/版本2：物理（按省份分类）2008-2024/2008-2024·（广东）物理高考真题/2022年高考物理试卷（广东）（空白卷）.pdf,temp-2022-物理-7d09a97480a6,9,,fd3d1d0b0aa5c82602654c997f3761763d1bd89dc10337c3a7ee1b493440eb3b,,4642,0,,text_unavailable_or_too_short,no,,Stream has ended unexpectedly
temp/版本2：物理（按省份分类）2008-2024/2008-2024·（广东）物理高考真题/2023年高考物理试卷（广东）（空白卷）.pdf,deekur-物理-2023-093,8,10,fb8255a56f6ac8808bccf01fb860b475d65f262867cf9adf4510c32ca89e71c5,218379727d9da78caf5f8b5005c901be7a4b9baa5b7c5e13c113d654a1b8b6e1,3891,6715,0.673,content_or_page_difference,no,,
temp/版本2：物理（按省份分类）2008-2024/2008-2024·（广西）物理高考真题/2020年高考物理试卷（新课标Ⅲ）（空白卷）.pdf,deekur-物理-2020-045,8,16,bd6f5f96fc1dadc048d6e77ea06f0719365197817fa0de0994e012f31fc5b37c,375f9a4820ec8c2e5fbb0611b78f22210cfbf8dca389d7a957744ff97abc45c3,3341,11910,0.413,content_or_page_difference,no,,
temp/版本2：物理（按省份分类）2008-2024/2008-2024·（广西）物理高考真题/2021年高考物理试卷（全国甲卷）（空白卷）.pdf,deekur-物理-2021-055,8,12,a9ab35c7f02bbf2c3569224d06511f0de953a1828dc1b9da926d8ed260d8ccbf,5ebaf9feaa59b37c2f7ef0e52e642cf4204c19c730af8ab11e1fcf6165e5a708,4061,7927,0.641,content_or_page_difference,no,,
temp/版本2：物理（按省份分类）2008-2024/2008-2024·（广西）物理高考真题/2022年高考物理试卷（全国甲卷）（空白卷）.pdf,deekur-物理-2022-072,8,13,0b38d6ee5dc799b3ee69a5b86ee0dd6e8a33c457d2b3775707b2d4e49702b747,a23283067cd4a27739939d05cf430a757a1144d748954eedc25c121f66612524,3670,9654,0.512,content_or_page_difference,no,,
temp/版本2：物理（按省份分类）2008-2024/2008-2024·（广西）物理高考真题/2023年高考物理试卷（全国甲卷）（空白卷）.pdf,deekur-物理-2023-089,7,10,e5b4d22c8cccf4c9c0624cefb9aeef6405c1050215e620eebb2454df8ec7b6a9,97c1a275c3739adc2ffd4ce18d7c937c101ec7aa956e620c7134f9056d20bd71,3156,6492,0.610,content_or_page_difference,no,,
temp/版本2：物理（按省份分类）2008-2024/2008-2024·（新疆）物理高考真题/2020年高考物理试卷（新课标Ⅱ）（空白卷）.pdf,deekur-物理-2020-044,8,16,18f22a3d1654b7af4baedd6b54a935a18dfea3c706ea7148f3f6c3755c186a91,3c15e3e05bdeb8dfb208aac8b7bc06b5d721831d53b4d04994e0fd1abdc334a5,3731,11700,0.445,content_or_page_difference,no,,
temp/版本2：物理（按省份分类）2008-2024/2008-2024·（新疆）物理高考真题/2021年高考物理试卷（全国乙卷）（空白卷）.pdf,deekur-物理-2021-054,9,13,878394ed4a13164c6518eb904b291ed32a5b6d008c059ed8c3b8e4b56b14c1ad,dc2ba092c10f6f26f86254c0b46ccf6271396368d9a2537b1f77c0bbb055c5c9,3789,7819,0.586,content_or_page_difference,no,,
temp/版本2：物理（按省份分类）2008-2024/2008-2024·（新疆）物理高考真题/2022年高考物理试卷（全国乙卷）（空白卷）.pdf,deekur-物理-2022-071,8,11,c1063f2e006621750cd84c6410b92fde3a9d1929d3a585997840484c49022c3b,3fe6ad49efc4ca1abf4ecffbb3d16d5ba119fe0adb841ca1a9edda4a598459fc,3509,8182,0.555,content_or_page_difference,no,,
temp/版本2：物理（按省份分类）2008-2024/2008-2024·（新疆）物理高考真题/2022年高考物理试卷（全国乙卷）（空白卷）.pdf,temp-2022-物理-c98892bfcb52,8,,c1063f2e006621750cd84c6410b92fde3a9d1929d3a585997840484c49022c3b,,3509,0,,text_unavailable_or_too_short,no,,Stream has ended unexpectedly
temp/版本2：物理（按省份分类）2008-2024/2008-2024·（新疆）物理高考真题/2023年高考物理试卷（全国乙卷）（空白卷）.pdf,deekur-物理-2023-088,8,12,eed81522e43274c865543e3fcd8e50366db4473e5cecb9bdfd75ea96169f3d78,dada7109d894cdaf37246e949e9ce5c45b717bb7fe4d23cf0c8c322bf409f73a,3734,7942,0.601,content_or_page_difference,no,,
temp/版本2：物理（按省份分类）2008-2024/2008-2024·（江苏）物理高考真题/2020年高考物理试卷（江苏）（空白卷）.pdf,deekur-物理-2020-049,8,19,bd904ec1c3956e8fdccb1a8b340975d4ab98a85b6db049c671b4a1b9fd36a7b4,cc28f008719793e8a770bdd34960fc05d40ff8f6bbeb863b20ced8354ab4da37,4011,11995,0.449,content_or_page_difference,no,,
temp/版本2：物理（按省份分类）2008-2024/2008-2024·（江苏）物理高考真题/2021年高考物理试卷（江苏）（空白卷）.pdf,deekur-物理-2021-060,9,12,85ca8352978d3494a46bc4b2d3397b6938447e8cc6bdcaac0161786faf429bc4,0482bafdc266abca33830781d540eb0c7a342a3a2ea8cb839bbda0c8d9097c85,2931,5756,0.614,content_or_page_difference,no,,
temp/版本2：物理（按省份分类）2008-2024/2008-2024·（江苏）物理高考真题/2022年高考物理试卷（江苏）（空白卷）.pdf,deekur-物理-2022-077,8,10,7f254d3abb2bcf08361c51ebf9bb5f094e304b1c8c993d48c722e7eda3479fb6,5e168ccf086c40c95e1a9a4566d698bfac75eef877cb736a7f0b15f35384efef,3145,7068,0.569,content_or_page_difference,no,,
temp/版本2：物理（按省份分类）2008-2024/2008-2024·（江苏）物理高考真题/2023年高考物理试卷（江苏）（空白卷）.pdf,deekur-物理-2023-095,8,9,236b01ce81b8821e3802d0f24d3822bba2a11363af480dca7b548e8e928293a0,a34a3a86ef4a7f61c7a1c3f4e206207617fb68a94faf67a752c1001c57bc173a,3044,5607,0.661,content_or_page_difference,no,,
temp/版本2：物理（按省份分类）2008-2024/2008-2024·（江苏）物理高考真题/2024年高考物理试卷（江苏）（回忆版）（空白卷）缺第8题、第16题.pdf,deekur-2024-physics-010,5,8,fc12b2578bcc672ac12ce11bc886ed8ea18b83a94ff003e59f3a896525eb917f,c361a9b9fe794fbb4ef0bb14155d52045789a35ff074d26ab842f99b7fd7387c,1809,5365,0.361,content_or_page_difference,no,,
temp/版本2：物理（按省份分类）2008-2024/2008-2024·（江苏）物理高考真题/2024年高考物理试卷（江苏）（回忆版）（空白卷）缺第8题、第16题.pdf,temp-2024-物理-bb43733b461e,5,4,fc12b2578bcc672ac12ce11bc886ed8ea18b83a94ff003e59f3a896525eb917f,5cf8f479582b6e23d6264cc4e8c685e6b89dc9c109156ce78f52cc8656ad7429,1809,1923,0.682,content_or_page_difference,no,,
temp/版本2：物理（按省份分类）2008-2024/2008-2024·（江西）物理高考真题/2020年高考物理试卷（新课标Ⅰ）（空白卷）.pdf,deekur-物理-2020-043,9,15,399e2877d8d23c04100b08d2f71db3f748f49091f088438c69eacbcebf644a97,61196285b1fb8f1dea460672c5b2893219720f68ac21f0fd3c1081174af4bec5,3479,11954,0.422,content_or_page_difference,no,,
temp/版本2：物理（按省份分类）2008-2024/2008-2024·（江西）物理高考真题/2021年高考物理试卷（全国乙卷）（空白卷）.pdf,deekur-物理-2021-054,9,13,878394ed4a13164c6518eb904b291ed32a5b6d008c059ed8c3b8e4b56b14c1ad,dc2ba092c10f6f26f86254c0b46ccf6271396368d9a2537b1f77c0bbb055c5c9,3789,7819,0.586,content_or_page_difference,no,,
temp/版本2：物理（按省份分类）2008-2024/2008-2024·（江西）物理高考真题/2022年高考物理试卷（全国乙卷）（空白卷）.pdf,deekur-物理-2022-071,8,11,c1063f2e006621750cd84c6410b92fde3a9d1929d3a585997840484c49022c3b,3fe6ad49efc4ca1abf4ecffbb3d16d5ba119fe0adb841ca1a9edda4a598459fc,3509,8182,0.555,content_or_page_difference,no,,
temp/版本2：物理（按省份分类）2008-2024/2008-2024·（江西）物理高考真题/2022年高考物理试卷（全国乙卷）（空白卷）.pdf,temp-2022-物理-c98892bfcb52,8,,c1063f2e006621750cd84c6410b92fde3a9d1929d3a585997840484c49022c3b,,3509,0,,text_unavailable_or_too_short,no,,Stream has ended unexpectedly
temp/版本2：物理（按省份分类）2008-2024/2008-2024·（江西）物理高考真题/2023年高考物理试卷（全国乙卷）（空白卷）.pdf,deekur-物理-2023-088,8,12,eed81522e43274c865543e3fcd8e50366db4473e5cecb9bdfd75ea96169f3d78,dada7109d894cdaf37246e949e9ce5c45b717bb7fe4d23cf0c8c322bf409f73a,3734,7942,0.601,content_or_page_difference,no,,
temp/版本2：物理（按省份分类）2008-2024/2008-2024·（河北）物理高考真题/2020年高考物理试卷（新课标Ⅰ）（空白卷）.pdf,deekur-物理-2020-043,9,15,399e2877d8d23c04100b08d2f71db3f748f49091f088438c69eacbcebf644a97,61196285b1fb8f1dea460672c5b2893219720f68ac21f0fd3c1081174af4bec5,3479,11954,0.422,content_or_page_difference,no,,
temp/版本2：物理（按省份分类）2008-2024/2008-2024·（河北）物理高考真题/2021年高考物理试卷（河北）（空白卷）.pdf,deekur-物理-2021-061,10,17,9bb1b650dfc45f854824076633379a0211659b29e2de78c6e8d3dfa1958b63b4,c75c103b9ee0390143a7b9c4137211eaf7a81f9f5f4a57ed1992d6187c15b2ca,4806,9464,0.614,content_or_page_difference,no,,
temp/版本2：物理（按省份分类）2008-2024/2008-2024·（河北）物理高考真题/2022年高考物理试卷（河北）（空白卷）.pdf,deekur-物理-2022-078,12,16,7b406393093bffc38c4183528c11c1416eae73c81ea29affa2eecdc467b6b451,57d5b938a937bfb3ca91ce409bc6b6108f7c548e7ee17dea25ccb35e07ed7e83,4823,12019,0.528,content_or_page_difference,no,,
temp/版本2：物理（按省份分类）2008-2024/2008-2024·（河北）物理高考真题/2023年高考物理试卷（河北）（空白卷）.pdf,deekur-物理-2023-096,5,8,f96415851cde109d3065628172ca0f333ac7ac1cd51c860f7026ae985049ecbd,59feecbedc48bbd77529019f86e819493d2ef64075d52c517674172d1e842758,2404,4272,0.549,content_or_page_difference,no,,
temp/版本2：物理（按省份分类）2008-2024/2008-2024·（河南）物理高考真题/2020年高考物理试卷（新课标Ⅰ）（空白卷）.pdf,deekur-物理-2020-043,9,15,399e2877d8d23c04100b08d2f71db3f748f49091f088438c69eacbcebf644a97,61196285b1fb8f1dea460672c5b2893219720f68ac21f0fd3c1081174af4bec5,3479,11954,0.422,content_or_page_difference,no,,
temp/版本2：物理（按省份分类）2008-2024/2008-2024·（河南）物理高考真题/2021年高考物理试卷（全国乙卷）（空白卷）.pdf,deekur-物理-2021-054,9,13,878394ed4a13164c6518eb904b291ed32a5b6d008c059ed8c3b8e4b56b14c1ad,dc2ba092c10f6f26f86254c0b46ccf6271396368d9a2537b1f77c0bbb055c5c9,3789,7819,0.586,content_or_page_difference,no,,
temp/版本2：物理（按省份分类）2008-2024/2008-2024·（河南）物理高考真题/2022年高考物理试卷（全国乙卷）（空白卷）.pdf,deekur-物理-2022-071,8,11,c1063f2e006621750cd84c6410b92fde3a9d1929d3a585997840484c49022c3b,3fe6ad49efc4ca1abf4ecffbb3d16d5ba119fe0adb841ca1a9edda4a598459fc,3509,8182,0.555,content_or_page_difference,no,,
temp/版本2：物理（按省份分类）2008-2024/2008-2024·（河南）物理高考真题/2022年高考物理试卷（全国乙卷）（空白卷）.pdf,temp-2022-物理-c98892bfcb52,8,,c1063f2e006621750cd84c6410b92fde3a9d1929d3a585997840484c49022c3b,,3509,0,,text_unavailable_or_too_short,no,,Stream has ended unexpectedly
temp/版本2：物理（按省份分类）2008-2024/2008-2024·（河南）物理高考真题/2023年高考物理试卷（全国乙卷）（空白卷）.pdf,deekur-物理-2023-088,8,12,eed81522e43274c865543e3fcd8e50366db4473e5cecb9bdfd75ea96169f3d78,dada7109d894cdaf37246e949e9ce5c45b717bb7fe4d23cf0c8c322bf409f73a,3734,7942,0.601,content_or_page_difference,no,,
temp/版本2：物理（按省份分类）2008-2024/2008-2024·（浙江）物理高考真题/2020年高考物理试卷（浙江）（1月）（空白卷）.pdf,deekur-物理-2020-050,11,15,ffcb69c60d9025dcc40dc6d63ea9719c28d399137a1d80bbc8b36b972e42777a,3c913b4d021f04605e52b28a4f6b217a7b2c7ae19035686b3ef0aa3bc24a9908,4401,10407,0.535,content_or_page_difference,no,,
temp/版本2：物理（按省份分类）2008-2024/2008-2024·（浙江）物理高考真题/2020年高考物理试卷（浙江）（7月）（空白卷）.pdf,deekur-物理-2020-051,11,25,9ec41ee6145ee49432b56d5704fb3d2246269c8028d495e83bac7f0c7e288df8,73d8f0e8539e461335c72f97eb9c723d5724df3d74f92bfcd3a12000b608aa43,4965,16418,0.540,content_or_page_difference,no,,
temp/版本2：物理（按省份分类）2008-2024/2008-2024·（浙江）物理高考真题/2021年高考物理试卷（浙江）（1月）（空白卷）.pdf,deekur-物理-2021-062,12,16,5b7f61483681c178dcaa23bdea605e0cca2c408a848824c03228385b21664e69,14abe878693f5eaa2c140f695caaa266d2ffc60b21460cb67b000172c8af9c8f,5247,11282,0.594,content_or_page_difference,no,,
temp/版本2：物理（按省份分类）2008-2024/2008-2024·（浙江）物理高考真题/2021年高考物理试卷（浙江）（6月）（空白卷）.pdf,deekur-物理-2021-063,11,16,f439d51436fbf6cf164a6521c9e23e756160a37915571ff6a766f2062708346b,23d3635e0868c8020fa795bc1648c7cd9d4cffc034870b485259b77529d9fc21,5466,10217,0.623,content_or_page_difference,no,,
temp/版本2：物理（按省份分类）2008-2024/2008-2024·（浙江）物理高考真题/2022年高考物理试卷（浙江）（1月）（空白卷）.pdf,deekur-物理-2022-079,12,15,2e9fbdbca783a696f4cd8244b1cb2087740dc21a48d7299efe04baa60ed98a03,bdc6ccef996de392dfb97cee7b2f99ddafa9ad71f9403ca3b778c0ad2a5b82f1,5797,10965,0.622,content_or_page_difference,no,,
temp/版本2：物理（按省份分类）2008-2024/2008-2024·（浙江）物理高考真题/2022年高考物理试卷（浙江）（6月）（空白卷）.pdf,deekur-物理-2022-080,11,18,3e9fa15b4b03c14b136d5704230e3d226f4e5a0dbd0c8963e141b16470fcb643,b7e2de6214cb07072a6201730e617aa312ae581224c3e433c29616ec54c7cb46,5218,14210,0.562,content_or_page_difference,no,,
temp/版本2：物理（按省份分类）2008-2024/2008-2024·（浙江）物理高考真题/2023年高考物理试卷（浙江）（1月）（空白卷）.pdf,deekur-物理-2023-097,11,18,71df5b5a0122e4a607464dc0cccbf0c80d0d5c8bd3fea2f9d8a7b11fb61d4a7f,60614961d0fad2743bb8ed991abdc1db20d1bfc90f6da65c4cbdfed391903722,5006,11645,0.553,content_or_page_difference,no,,
temp/版本2：物理（按省份分类）2008-2024/2008-2024·（浙江）物理高考真题/2023年高考物理试卷（浙江）（6月）（空白卷）.pdf,deekur-物理-2023-098,10,15,0712d3bbf42a640a9a1a223fef6002d8fa9ccd223eacbbc96554a376b5e6ffc9,aa98b15145faf1381ca0acf3682885f63d85732031589832281685e4f094725e,5433,10826,0.604,content_or_page_difference,no,,
temp/版本2：物理（按省份分类）2008-2024/2008-2024·（浙江）物理高考真题/2024年高考物理试卷（浙江）（1月）（空白卷）.pdf,deekur-2024-physics-013,10,17,4b7656e471eba03c18ad5bb96003e0cb4dd68abc794bc434b35904d799d26462,e2a264e160dadafbd64e8e1d8af7d7daf4bc5de4a5a1e47f5c49de841683f792,6036,12560,0.594,content_or_page_difference,no,,
temp/版本2：物理（按省份分类）2008-2024/2008-2024·（海南）物理高考真题/2020年高考物理试卷（海南）（空白卷）.pdf,deekur-物理-2020-052,7,26,f3c72944d1bc5f97dee19cc5c6e13ac1004ae5c1a25b1f6b45ede1cf4d80d2d4,bd41ed9f5643ba084a8616ff7eaa7d4490e15dde368a8a38ba50d5e562ee7bef,3725,12553,0.432,content_or_page_difference,no,,
temp/版本2：物理（按省份分类）2008-2024/2008-2024·（海南）物理高考真题/2021年高考物理试卷（海南）（空白卷）.pdf,deekur-物理-2021-064,8,14,068318d26c68415a26d7f179eeb3fe54ee477bbe30c9ade5351842cabdb51477,41cddad802c8912069ccd3bfce6de0f68ef31fc07fd95368486e27e89dbefcce,3943,7892,0.617,content_or_page_difference,no,,
temp/版本2：物理（按省份分类）2008-2024/2008-2024·（海南）物理高考真题/2022年高考物理试卷（海南）（缺第6题和12题）（空白卷）.pdf,deekur-物理-2022-081,7,7,e812d75a3be3081e9fe86592621d913cd17ea6f699f2b3ad93d5183bbc7e66fd,57f54b58e29fe2760fb023890229396b54030e211783470dc9ee42ab67f8b0c3,2434,8605,0.275,content_or_page_difference,no,,
temp/版本2：物理（按省份分类）2008-2024/2008-2024·（海南）物理高考真题/2023年高考物理试卷（海南）（空白卷）.pdf,deekur-物理-2023-099,8,12,40ea625433595967ed51cbb00fe9804380d8f4d241cea315db17d37c6600a648,756468110321c1a66c082f2c959dc7274096737ecc27962d80b5e7ee6e3fbc9c,3024,7119,0.545,content_or_page_difference,no,,
temp/版本2：物理（按省份分类）2008-2024/2008-2024·（海南）物理高考真题/2024年高考物理试卷（海南）（空白卷）.pdf,deekur-2024-physics-015,8,12,7204c487170f12871988e2eea5933a778df03f4f2adce780cd132068140e57cf,58dc3e16a95e5b6c9623c1b723f542e30e139aa1e8fe80ead4f6435b6c467c6d,4488,8971,0.603,content_or_page_difference,no,,
temp/版本2：物理（按省份分类）2008-2024/2008-2024·（湖北）物理高考真题/2020年高考物理试卷（新课标Ⅰ）（空白卷）.pdf,deekur-物理-2020-043,9,15,399e2877d8d23c04100b08d2f71db3f748f49091f088438c69eacbcebf644a97,61196285b1fb8f1dea460672c5b2893219720f68ac21f0fd3c1081174af4bec5,3479,11954,0.422,content_or_page_difference,no,,
temp/版本2：物理（按省份分类）2008-2024/2008-2024·（湖北）物理高考真题/2021年高考物理试卷（湖北自主命题）（空白卷）.pdf,deekur-物理-2021-065,9,14,2e28bea620ef45eb95b2e0f3ba0c20d43c946c5295adfcb59d0ad37eecafb768,ff1e5a1989112e6b410f060516fee8a6c84ff8105dd55f9c80e445822104d530,3985,7865,0.642,content_or_page_difference,no,,
temp/版本2：物理（按省份分类）2008-2024/2008-2024·（湖北）物理高考真题/2022年高考物理试卷（湖北自主命题）（空白卷）.pdf,deekur-物理-2022-082,9,13,351de950b3db5b63689c734d3e81d7ef367df42660fdd2b1f526deac35071aee,1d0c9ecdfd3931af8e148773c55ff43b6d9e7ab1b529d6156f73f3420b09b7a0,4269,8948,0.615,content_or_page_difference,no,,
temp/版本2：物理（按省份分类）2008-2024/2008-2024·（湖北）物理高考真题/2023年高考物理试卷（湖北自主命题）（空白卷）.pdf,deekur-物理-2023-100,9,13,19c85ec177f5ba3709cfcfb41132da13358d71945a28b6916d2532d9538a6368,fc51b4a3824429e35b0070f3b9351537485b02f9241078651143fa78a5dbfa41,3931,8001,0.605,content_or_page_difference,no,,
temp/版本2：物理（按省份分类）2008-2024/2008-2024·（湖南）物理高考真题/2020年高考物理试卷（新课标Ⅰ）（空白卷）.pdf,deekur-物理-2020-043,9,15,399e2877d8d23c04100b08d2f71db3f748f49091f088438c69eacbcebf644a97,61196285b1fb8f1dea460672c5b2893219720f68ac21f0fd3c1081174af4bec5,3479,11954,0.422,content_or_page_difference,no,,
temp/版本2：物理（按省份分类）2008-2024/2008-2024·（湖南）物理高考真题/2021年高考物理试卷（湖南）（空白卷）.pdf,deekur-物理-2021-066,10,19,183d0e5fcd1e82c529d72f60696c67797ab2eee19a9c8227b250332ae9066291,1c0211ea0cd1579b708e710822de7ed6657e3975fee537de2ec7c9f2f3a41c1c,5358,11355,0.599,content_or_page_difference,no,,
temp/版本2：物理（按省份分类）2008-2024/2008-2024·（湖南）物理高考真题/2022年高考物理试卷（湖南）（空白卷）.pdf,deekur-物理-2022-083,11,18,799684ffbfb54dbbdf4fa68101a210903e87a4222f6e945f319c9401a9db3b29,9cd610fc4ea8fe763e6839a703c853f7ea2590d8b5f0d919de33c8910ce69876,5306,12272,0.571,content_or_page_difference,no,,
temp/版本2：物理（按省份分类）2008-2024/2008-2024·（湖南）物理高考真题/2022年高考物理试卷（湖南）（空白卷）.pdf,temp-2022-物理-1a5df7cc9648,11,,799684ffbfb54dbbdf4fa68101a210903e87a4222f6e945f319c9401a9db3b29,,5306,0,,text_unavailable_or_too_short,no,,Stream has ended unexpectedly
temp/版本2：物理（按省份分类）2008-2024/2008-2024·（湖南）物理高考真题/2023年高考物理试卷（湖南）（空白卷）.pdf,deekur-物理-2023-101,11,17,c446053b1d23723879aa77f625c62e161adb163460c472cea2f3168e82e2b37f,fb640fa2df21700b3ddcff9b33a1e55f84ef8b510325c63ce508e1ed4aef47de,5119,10732,0.599,content_or_page_difference,no,,
temp/版本2：物理（按省份分类）2008-2024/2008-2024·（甘肃）物理高考真题/2020年高考物理试卷（新课标Ⅱ）（空白卷）.pdf,deekur-物理-2020-044,8,16,18f22a3d1654b7af4baedd6b54a935a18dfea3c706ea7148f3f6c3755c186a91,3c15e3e05bdeb8dfb208aac8b7bc06b5d721831d53b4d04994e0fd1abdc334a5,3731,11700,0.445,content_or_page_difference,no,,
temp/版本2：物理（按省份分类）2008-2024/2008-2024·（甘肃）物理高考真题/2021年高考物理试卷（全国乙卷）（空白卷）.pdf,deekur-物理-2021-054,9,13,878394ed4a13164c6518eb904b291ed32a5b6d008c059ed8c3b8e4b56b14c1ad,dc2ba092c10f6f26f86254c0b46ccf6271396368d9a2537b1f77c0bbb055c5c9,3789,7819,0.586,content_or_page_difference,no,,
temp/版本2：物理（按省份分类）2008-2024/2008-2024·（甘肃）物理高考真题/2022年高考物理试卷（全国乙卷）（空白卷）.pdf,deekur-物理-2022-071,8,11,c1063f2e006621750cd84c6410b92fde3a9d1929d3a585997840484c49022c3b,3fe6ad49efc4ca1abf4ecffbb3d16d5ba119fe0adb841ca1a9edda4a598459fc,3509,8182,0.555,content_or_page_difference,no,,
temp/版本2：物理（按省份分类）2008-2024/2008-2024·（甘肃）物理高考真题/2022年高考物理试卷（全国乙卷）（空白卷）.pdf,temp-2022-物理-c98892bfcb52,8,,c1063f2e006621750cd84c6410b92fde3a9d1929d3a585997840484c49022c3b,,3509,0,,text_unavailable_or_too_short,no,,Stream has ended unexpectedly
temp/版本2：物理（按省份分类）2008-2024/2008-2024·（甘肃）物理高考真题/2023年高考物理试卷（全国乙卷）（空白卷）.pdf,deekur-物理-2023-088,8,12,eed81522e43274c865543e3fcd8e50366db4473e5cecb9bdfd75ea96169f3d78,dada7109d894cdaf37246e949e9ce5c45b717bb7fe4d23cf0c8c322bf409f73a,3734,7942,0.601,content_or_page_difference,no,,
temp/版本2：物理（按省份分类）2008-2024/2008-2024·（甘肃）物理高考真题/2024年高考物理试卷（甘肃）（空白卷）.pdf,deekur-2024-physics-018,7,10,4aeb41a8ac36cee15fe07a81e28926c8461ff017a0b37ea0dbe8e17303b26e56,f04d7710bff3013c25330812170fb671a18d4e256a9ac2132250e35f4f854dd0,3487,6302,0.607,content_or_page_difference,no,,
temp/版本2：物理（按省份分类）2008-2024/2008-2024·（西藏）物理高考真题/2020年高考物理试卷（新课标Ⅲ）（空白卷）.pdf,deekur-物理-2020-045,8,16,bd6f5f96fc1dadc048d6e77ea06f0719365197817fa0de0994e012f31fc5b37c,375f9a4820ec8c2e5fbb0611b78f22210cfbf8dca389d7a957744ff97abc45c3,3341,11910,0.413,content_or_page_difference,no,,
temp/版本2：物理（按省份分类）2008-2024/2008-2024·（西藏）物理高考真题/2021年高考物理试卷（全国甲卷）（空白卷）.pdf,deekur-物理-2021-055,8,12,a9ab35c7f02bbf2c3569224d06511f0de953a1828dc1b9da926d8ed260d8ccbf,5ebaf9feaa59b37c2f7ef0e52e642cf4204c19c730af8ab11e1fcf6165e5a708,4061,7927,0.641,content_or_page_difference,no,,
temp/版本2：物理（按省份分类）2008-2024/2008-2024·（西藏）物理高考真题/2022年高考物理试卷（全国甲卷）（空白卷）.pdf,deekur-物理-2022-072,8,13,0b38d6ee5dc799b3ee69a5b86ee0dd6e8a33c457d2b3775707b2d4e49702b747,a23283067cd4a27739939d05cf430a757a1144d748954eedc25c121f66612524,3670,9654,0.512,content_or_page_difference,no,,
temp/版本2：物理（按省份分类）2008-2024/2008-2024·（西藏）物理高考真题/2023年高考物理试卷（全国甲卷）（空白卷）.pdf,deekur-物理-2023-089,7,10,e5b4d22c8cccf4c9c0624cefb9aeef6405c1050215e620eebb2454df8ec7b6a9,97c1a275c3739adc2ffd4ce18d7c937c101ec7aa956e620c7134f9056d20bd71,3156,6492,0.610,content_or_page_difference,no,,
temp/版本2：物理（按省份分类）2008-2024/2008-2024·（西藏）物理高考真题/2024年高考物理试卷（全国甲卷）（空白卷）（缺22-24题）.pdf,temp-2024-物理-8218b42187f3,6,6,a857c6bf174c613af7fcbfa864565dde246fddceac85ef6f128d797a873e6cd9,31e72cf9455a2673eb3660d978f7b4ab4e057b591e61fb0ab9e53822c7b2cf16,3003,3315,0.627,content_or_page_difference,no,,
temp/版本2：物理（按省份分类）2008-2024/2008-2024·（陕西）物理高考真题/2020年高考物理试卷（新课标Ⅱ）（空白卷）.pdf,deekur-物理-2020-044,8,16,18f22a3d1654b7af4baedd6b54a935a18dfea3c706ea7148f3f6c3755c186a91,3c15e3e05bdeb8dfb208aac8b7bc06b5d721831d53b4d04994e0fd1abdc334a5,3731,11700,0.445,content_or_page_difference,no,,
temp/版本2：物理（按省份分类）2008-2024/2008-2024·（陕西）物理高考真题/2021年高考物理试卷（全国乙卷）（空白卷）.pdf,deekur-物理-2021-054,9,13,878394ed4a13164c6518eb904b291ed32a5b6d008c059ed8c3b8e4b56b14c1ad,dc2ba092c10f6f26f86254c0b46ccf6271396368d9a2537b1f77c0bbb055c5c9,3789,7819,0.586,content_or_page_difference,no,,
temp/版本2：物理（按省份分类）2008-2024/2008-2024·（陕西）物理高考真题/2022年高考物理试卷（全国乙卷）（空白卷）.pdf,deekur-物理-2022-071,8,11,c1063f2e006621750cd84c6410b92fde3a9d1929d3a585997840484c49022c3b,3fe6ad49efc4ca1abf4ecffbb3d16d5ba119fe0adb841ca1a9edda4a598459fc,3509,8182,0.555,content_or_page_difference,no,,
temp/版本2：物理（按省份分类）2008-2024/2008-2024·（陕西）物理高考真题/2022年高考物理试卷（全国乙卷）（空白卷）.pdf,temp-2022-物理-c98892bfcb52,8,,c1063f2e006621750cd84c6410b92fde3a9d1929d3a585997840484c49022c3b,,3509,0,,text_unavailable_or_too_short,no,,Stream has ended unexpectedly
temp/版本2：物理（按省份分类）2008-2024/2008-2024·（陕西）物理高考真题/2023年高考物理试卷（全国乙卷）（空白卷）.pdf,deekur-物理-2023-088,8,12,eed81522e43274c865543e3fcd8e50366db4473e5cecb9bdfd75ea96169f3d78,dada7109d894cdaf37246e949e9ce5c45b717bb7fe4d23cf0c8c322bf409f73a,3734,7942,0.601,content_or_page_difference,no,,
temp/版本2：物理（按省份分类）2008-2024/2008-2024·（陕西）物理高考真题/2024年高考物理试卷（全国甲卷）（空白卷）.pdf,temp-2024-物理-8218b42187f3,7,6,c2752f63198cb3e1e11048f2cc69a9535674ff4f5b3d1c6b8ed37bc36cfaca5c,31e72cf9455a2673eb3660d978f7b4ab4e057b591e61fb0ab9e53822c7b2cf16,3933,3315,0.786,likely_same_content_layout_difference,no,,
temp/版本2：物理（按省份分类）2008-2024/2008-2024·（青海）物理高考真题/2020年高考物理试卷（新课标Ⅱ）（空白卷）.pdf,deekur-物理-2020-044,8,16,18f22a3d1654b7af4baedd6b54a935a18dfea3c706ea7148f3f6c3755c186a91,3c15e3e05bdeb8dfb208aac8b7bc06b5d721831d53b4d04994e0fd1abdc334a5,3731,11700,0.445,content_or_page_difference,no,,
temp/版本2：物理（按省份分类）2008-2024/2008-2024·（青海）物理高考真题/2021年高考物理试卷（全国乙卷）（空白卷）.pdf,deekur-物理-2021-054,9,13,878394ed4a13164c6518eb904b291ed32a5b6d008c059ed8c3b8e4b56b14c1ad,dc2ba092c10f6f26f86254c0b46ccf6271396368d9a2537b1f77c0bbb055c5c9,3789,7819,0.586,content_or_page_difference,no,,
temp/版本2：物理（按省份分类）2008-2024/2008-2024·（青海）物理高考真题/2022年高考物理试卷（全国乙卷）（空白卷）.pdf,deekur-物理-2022-071,8,11,c1063f2e006621750cd84c6410b92fde3a9d1929d3a585997840484c49022c3b,3fe6ad49efc4ca1abf4ecffbb3d16d5ba119fe0adb841ca1a9edda4a598459fc,3509,8182,0.555,content_or_page_difference,no,,
temp/版本2：物理（按省份分类）2008-2024/2008-2024·（青海）物理高考真题/2022年高考物理试卷（全国乙卷）（空白卷）.pdf,temp-2022-物理-c98892bfcb52,8,,c1063f2e006621750cd84c6410b92fde3a9d1929d3a585997840484c49022c3b,,3509,0,,text_unavailable_or_too_short,no,,Stream has ended unexpectedly
temp/版本2：物理（按省份分类）2008-2024/2008-2024·（青海）物理高考真题/2023年高考物理试卷（全国乙卷）（空白卷）.pdf,deekur-物理-2023-088,8,12,eed81522e43274c865543e3fcd8e50366db4473e5cecb9bdfd75ea96169f3d78,dada7109d894cdaf37246e949e9ce5c45b717bb7fe4d23cf0c8c322bf409f73a,3734,7942,0.601,content_or_page_difference,no,,
temp/版本2：物理（按省份分类）2008-2024/2008-2024·（青海）物理高考真题/2024年高考物理试卷（全国甲卷）（空白卷）.pdf,temp-2024-物理-8218b42187f3,7,6,c2752f63198cb3e1e11048f2cc69a9535674ff4f5b3d1c6b8ed37bc36cfaca5c,31e72cf9455a2673eb3660d978f7b4ab4e057b591e61fb0ab9e53822c7b2cf16,3933,3315,0.786,likely_same_content_layout_difference,no,,
temp/版本2：物理（按省份分类）2008-2024/2008-2024·（黑龙江）物理高考真题/2020年高考物理试卷（新课标Ⅱ）（空白卷）.pdf,deekur-物理-2020-044,8,16,18f22a3d1654b7af4baedd6b54a935a18dfea3c706ea7148f3f6c3755c186a91,3c15e3e05bdeb8dfb208aac8b7bc06b5d721831d53b4d04994e0fd1abdc334a5,3731,11700,0.445,content_or_page_difference,no,,
temp/版本2：物理（按省份分类）2008-2024/2008-2024·（黑龙江）物理高考真题/2021年高考物理试卷（全国乙卷）（空白卷）.pdf,deekur-物理-2021-054,9,13,878394ed4a13164c6518eb904b291ed32a5b6d008c059ed8c3b8e4b56b14c1ad,dc2ba092c10f6f26f86254c0b46ccf6271396368d9a2537b1f77c0bbb055c5c9,3789,7819,0.586,content_or_page_difference,no,,
temp/版本2：物理（按省份分类）2008-2024/2008-2024·（黑龙江）物理高考真题/2022年高考物理试卷（全国乙卷）（空白卷）.pdf,deekur-物理-2022-071,8,11,c1063f2e006621750cd84c6410b92fde3a9d1929d3a585997840484c49022c3b,3fe6ad49efc4ca1abf4ecffbb3d16d5ba119fe0adb841ca1a9edda4a598459fc,3509,8182,0.555,content_or_page_difference,no,,
temp/版本2：物理（按省份分类）2008-2024/2008-2024·（黑龙江）物理高考真题/2022年高考物理试卷（全国乙卷）（空白卷）.pdf,temp-2022-物理-c98892bfcb52,8,,c1063f2e006621750cd84c6410b92fde3a9d1929d3a585997840484c49022c3b,,3509,0,,text_unavailable_or_too_short,no,,Stream has ended unexpectedly
temp/版本2：物理（按省份分类）2008-2024/2010-2024·（宁夏）物理高考真题/2020年高考物理试卷（新课标Ⅱ）（空白卷）.pdf,deekur-物理-2020-044,8,16,18f22a3d1654b7af4baedd6b54a935a18dfea3c706ea7148f3f6c3755c186a91,3c15e3e05bdeb8dfb208aac8b7bc06b5d721831d53b4d04994e0fd1abdc334a5,3731,11700,0.445,content_or_page_difference,no,,
temp/版本2：物理（按省份分类）2008-2024/2010-2024·（宁夏）物理高考真题/2021年高考物理试卷（全国乙卷）（空白卷）.pdf,deekur-物理-2021-054,9,13,878394ed4a13164c6518eb904b291ed32a5b6d008c059ed8c3b8e4b56b14c1ad,dc2ba092c10f6f26f86254c0b46ccf6271396368d9a2537b1f77c0bbb055c5c9,3789,7819,0.586,content_or_page_difference,no,,
temp/版本2：物理（按省份分类）2008-2024/2010-2024·（宁夏）物理高考真题/2022年高考物理试卷（全国乙卷）（空白卷）.pdf,deekur-物理-2022-071,8,11,c1063f2e006621750cd84c6410b92fde3a9d1929d3a585997840484c49022c3b,3fe6ad49efc4ca1abf4ecffbb3d16d5ba119fe0adb841ca1a9edda4a598459fc,3509,8182,0.555,content_or_page_difference,no,,
temp/版本2：物理（按省份分类）2008-2024/2010-2024·（宁夏）物理高考真题/2022年高考物理试卷（全国乙卷）（空白卷）.pdf,temp-2022-物理-c98892bfcb52,8,,c1063f2e006621750cd84c6410b92fde3a9d1929d3a585997840484c49022c3b,,3509,0,,text_unavailable_or_too_short,no,,Stream has ended unexpectedly
temp/版本2：物理（按省份分类）2008-2024/2010-2024·（宁夏）物理高考真题/2023年高考物理试卷（全国乙卷）（空白卷）.pdf,deekur-物理-2023-088,8,12,eed81522e43274c865543e3fcd8e50366db4473e5cecb9bdfd75ea96169f3d78,dada7109d894cdaf37246e949e9ce5c45b717bb7fe4d23cf0c8c322bf409f73a,3734,7942,0.601,content_or_page_difference,no,,
temp/版本2：物理（按省份分类）2008-2024/2010-2024·（宁夏）物理高考真题/2024年高考物理试卷（全国甲卷）（空白卷）.pdf,temp-2024-物理-8218b42187f3,7,6,c2752f63198cb3e1e11048f2cc69a9535674ff4f5b3d1c6b8ed37bc36cfaca5c,31e72cf9455a2673eb3660d978f7b4ab4e057b591e61fb0ab9e53822c7b2cf16,3933,3315,0.786,likely_same_content_layout_difference,no,,
temp/版本2：物理（按省份分类）2008-2024/2010-2024·（辽宁）物理高考真题/2020年高考物理试卷（新课标Ⅱ）（空白卷）.pdf,deekur-物理-2020-044,8,16,18f22a3d1654b7af4baedd6b54a935a18dfea3c706ea7148f3f6c3755c186a91,3c15e3e05bdeb8dfb208aac8b7bc06b5d721831d53b4d04994e0fd1abdc334a5,3731,11700,0.445,content_or_page_difference,no,,
temp/版本2：物理（按省份分类）2008-2024/2010-2024·（辽宁）物理高考真题/2021年高考物理试卷（辽宁）（空白卷）.pdf,deekur-物理-2021-068,9,9,f253cdde6320a6c202a3fb60b0860f463c8276931dfeecd6e980d2035cf62319,1c89d6b9d654d7eca91ad0b1a6cb84c59e9624caddcebde6c8b4160ba21d4f72,3573,6995,0.630,content_or_page_difference,no,,
temp/版本2：物理（按省份分类）2008-2024/2010-2024·（辽宁）物理高考真题/2022年高考物理试卷（辽宁）（空白卷）.pdf,deekur-物理-2022-085,8,12,62a3277d8336f5a018a5dbd8d4b517ac739c9bafb593f7f2377beafb77180542,89450acf706b32820e3bc7dba49726821a9f288e11e94b7e3f3e08a464afb143,3513,9075,0.516,content_or_page_difference,no,,
temp/版本2：物理（按省份分类）2008-2024/2010-2024·（辽宁）物理高考真题/2023年高考物理试卷（辽宁）（空白卷）.pdf,deekur-物理-2023-103,8,10,4fcfb261e9434f5a815a56894f8cd45f9dd00fe6b14e0b7cc79c07e17c306007,90b169d9855265473724c7f5a95f0da899aedee682860be14a9a15548363d114,3693,7247,0.630,content_or_page_difference,no,,
temp/版本2：物理（按省份分类）2008-2024/2010-2024·（辽宁）物理高考真题/2024年高考物理试卷（辽宁）（空白卷）.pdf,temp-2024-物理-85388ff8cf28,5,6,1651a23d906cca6bd37791f92f599d49c0f630c5880b1d4bb92419fc071a3f05,30faa0a8c59cf0a82a5056866ada0e9b51ba241988c593339466e2def5ac310f,2611,3303,0.776,likely_same_content_layout_difference,no,,
temp/版本2：物理（按省份分类）2008-2024/2012-2023·（福建）物理高考真题/2020年高考物理试卷（新课标Ⅰ）（空白卷）.pdf,deekur-物理-2020-043,9,15,399e2877d8d23c04100b08d2f71db3f748f49091f088438c69eacbcebf644a97,61196285b1fb8f1dea460672c5b2893219720f68ac21f0fd3c1081174af4bec5,3479,11954,0.422,content_or_page_difference,no,,
temp/版本2：物理（按省份分类）2008-2024/2012-2023·（福建）物理高考真题/2021年高考物理试卷（福建）（空白卷）.pdf,deekur-物理-2021-067,9,13,7f67ed2277c353e4f53dedfac4ba771b9f20587a355ec134c5187b5f25cf87a7,fe1b91a28f68084076391882c04cca766a9d12f1a86d5183a9d4a7a4b991ba5f,3927,9059,0.588,content_or_page_difference,no,,
temp/版本2：物理（按省份分类）2008-2024/2012-2023·（福建）物理高考真题/2022年高考物理试卷（福建）（空白卷）.pdf,deekur-物理-2022-084,9,14,47b88188f00e2833a119bef14115157032ca8506ce86b1b6e244a55f8d3814a0,db2c40c4f8f4654e63a8ac4099fc12dbd341b5493649add8a8d589608874f9cd,4582,8856,0.629,content_or_page_difference,no,,
temp/版本2：物理（按省份分类）2008-2024/2012-2023·（福建）物理高考真题/2023年高考物理试卷（福建）（空白卷）.pdf,deekur-物理-2023-102,8,48,c71f105820753f318b3394ea45f0039c1a2fe9b71cb12ee07878a6ecab18084b,6c27bdd25b9ae6336118b71b912783976a3ad3907e9e74d30687bb8895df5b75,4439,8273,0.585,content_or_page_difference,no,,
temp/版本2：物理（按省份分类）2008-2024/2012-2023·（重庆）物理高考真题/2020年高考物理试卷（新课标Ⅱ）（空白卷）.pdf,deekur-物理-2020-044,8,16,18f22a3d1654b7af4baedd6b54a935a18dfea3c706ea7148f3f6c3755c186a91,3c15e3e05bdeb8dfb208aac8b7bc06b5d721831d53b4d04994e0fd1abdc334a5,3731,11700,0.445,content_or_page_difference,no,,
temp/版本2：物理（按省份分类）2008-2024/2012-2023·（重庆）物理高考真题/2021年高考物理试卷（重庆）（空白卷）.pdf,deekur-物理-2021-069,9,9,eec51a2e726afb42e6b84d3aa9938f4e65cb0f37be8932931016674e56246d25,7f101c69466a87926fef9b92fe616c385769d416bebd822def4974ef7237ba45,3685,7823,0.563,content_or_page_difference,no,,
temp/版本2：物理（按省份分类）2008-2024/2012-2023·（重庆）物理高考真题/2022年高考物理试卷（重庆）（空白卷）.pdf,deekur-物理-2022-086,8,13,4e5998c81a3a3f350152b12215109e4e7d40d4cc59c2dd14ee3c1087cb46474c,4daa07f7a363ed3984aba118dbc907dbd8964a00cc52061c44bd7562e167c77a,4222,8557,0.625,content_or_page_difference,no,,
temp/版本2：物理（按省份分类）2008-2024/2012-2023·（重庆）物理高考真题/2023年高考物理试卷（重庆）（空白卷）.pdf,deekur-物理-2023-104,5,13,7baec0ff2ac7a6e827c6a2d917e20d18445d901edf0b6374a1a5ca76333bfaae,dff32e668988268babf95d294d138e8dc2cd2c36efeeeed46fadc8b675903f16,3442,7817,0.573,content_or_page_difference,no,,
temp/版本2：物理（按省份分类）2008-2024/2012-2024·（安徽）物理高考真题/2020年高考物理试卷（新课标Ⅰ）（空白卷）.pdf,deekur-物理-2020-043,9,15,399e2877d8d23c04100b08d2f71db3f748f49091f088438c69eacbcebf644a97,61196285b1fb8f1dea460672c5b2893219720f68ac21f0fd3c1081174af4bec5,3479,11954,0.422,content_or_page_difference,no,,
temp/版本2：物理（按省份分类）2008-2024/2012-2024·（安徽）物理高考真题/2021年高考物理试卷（全国乙卷）（空白卷）.pdf,deekur-物理-2021-054,9,13,878394ed4a13164c6518eb904b291ed32a5b6d008c059ed8c3b8e4b56b14c1ad,dc2ba092c10f6f26f86254c0b46ccf6271396368d9a2537b1f77c0bbb055c5c9,3789,7819,0.586,content_or_page_difference,no,,
temp/版本2：物理（按省份分类）2008-2024/2012-2024·（安徽）物理高考真题/2022年高考物理试卷（全国乙卷）（空白卷）.pdf,deekur-物理-2022-071,8,11,c1063f2e006621750cd84c6410b92fde3a9d1929d3a585997840484c49022c3b,3fe6ad49efc4ca1abf4ecffbb3d16d5ba119fe0adb841ca1a9edda4a598459fc,3509,8182,0.555,content_or_page_difference,no,,
temp/版本2：物理（按省份分类）2008-2024/2012-2024·（安徽）物理高考真题/2022年高考物理试卷（全国乙卷）（空白卷）.pdf,temp-2022-物理-c98892bfcb52,8,,c1063f2e006621750cd84c6410b92fde3a9d1929d3a585997840484c49022c3b,,3509,0,,text_unavailable_or_too_short,no,,Stream has ended unexpectedly
temp/版本2：生物（按省份分类）2008-2024/2008-2024·（内蒙古）生物高考真题/2024年高考生物试卷（全国甲卷）（空白卷）.pdf,temp-2024-生物-6e934d4f4989,5,3,3ca6089569642e59fefe27a489c3c70201545a6a918a7a522da14e43eb245d4b,e379baaea7b2e172bb43e20662e89f3e92d74222405991ba4fd1b9caddcde2f3,3218,2617,0.860,likely_same_content_layout_difference,no,,
temp/版本2：生物（按省份分类）2008-2024/2008-2024·（四川）生物高考真题/2024年高考生物试卷（全国甲卷）（空白卷）.pdf,temp-2024-生物-6e934d4f4989,5,3,3ca6089569642e59fefe27a489c3c70201545a6a918a7a522da14e43eb245d4b,e379baaea7b2e172bb43e20662e89f3e92d74222405991ba4fd1b9caddcde2f3,3218,2617,0.860,likely_same_content_layout_difference,no,,
temp/版本2：生物（按省份分类）2008-2024/2008-2024·（广东）生物高考真题/2022年高考生物试卷（广东）（空白卷）.pdf,temp-2022-生物-4be644492487,10,,e41218b016c5f20bd980f647d37a5d7f98779b0549df2c0177a54d952831e6ff,,5869,0,,text_unavailable_or_too_short,no,,Stream has ended unexpectedly
temp/版本2：生物（按省份分类）2008-2024/2008-2024·（西藏）生物高考真题/2024年高考生物试卷（全国甲卷）（空白卷）.pdf,temp-2024-生物-6e934d4f4989,5,3,3ca6089569642e59fefe27a489c3c70201545a6a918a7a522da14e43eb245d4b,e379baaea7b2e172bb43e20662e89f3e92d74222405991ba4fd1b9caddcde2f3,3218,2617,0.860,likely_same_content_layout_difference,no,,
temp/版本2：生物（按省份分类）2008-2024/2008-2024·（陕西）生物高考真题/2024年高考生物试卷（全国甲卷）（空白卷）.pdf,temp-2024-生物-6e934d4f4989,5,3,3ca6089569642e59fefe27a489c3c70201545a6a918a7a522da14e43eb245d4b,e379baaea7b2e172bb43e20662e89f3e92d74222405991ba4fd1b9caddcde2f3,3218,2617,0.860,likely_same_content_layout_difference,no,,
temp/版本2：生物（按省份分类）2008-2024/2008-2024·（青海）生物高考真题/2024年高考生物试卷（全国甲卷）（空白卷）.pdf,temp-2024-生物-6e934d4f4989,5,3,3ca6089569642e59fefe27a489c3c70201545a6a918a7a522da14e43eb245d4b,e379baaea7b2e172bb43e20662e89f3e92d74222405991ba4fd1b9caddcde2f3,3218,2617,0.860,likely_same_content_layout_difference,no,,
temp/版本2：生物（按省份分类）2008-2024/2010-2024·（宁夏）生物高考真题/2024年高考生物试卷（全国甲卷）（空白卷）.pdf,temp-2024-生物-6e934d4f4989,5,3,3ca6089569642e59fefe27a489c3c70201545a6a918a7a522da14e43eb245d4b,e379baaea7b2e172bb43e20662e89f3e92d74222405991ba4fd1b9caddcde2f3,3218,2617,0.860,likely_same_content_layout_difference,no,,
temp/版本2：英语（按省份分类）2008-2024/2008-2023·（天津）英语高考真题/2021年高考英语试卷（天津）（第一次）（空白卷）.pdf,temp-2021-英语-0a8d301b5ee4,13,,7325d301a8ffd991e005d31dfd4c0163ec8ab5797d88f57a3d8371b310d2b672,,16981,0,,text_unavailable_or_too_short,no,,Stream has ended unexpectedly
temp/版本2：英语（按省份分类）2008-2024/2008-2023·（天津）英语高考真题/2021年高考英语试卷（天津）（第二次）（空白卷）.pdf,temp-2021-英语-0a8d301b5ee4,13,,73c8e8cbf1983adc88c66efb28946b52b031aac8a8c059cf808c0d76b61c80b1,,18195,0,,text_unavailable_or_too_short,no,,Stream has ended unexpectedly
temp/版本2：英语（按省份分类）2008-2024/2008-2024·（云南）英语高考真题/2022年高考英语试卷（全国甲卷）（空白卷）.pdf,temp-2022-英语-7c6b285312be,12,,da0b110357cd6e8781830cb36c4fe966d202de5fbe8e43d5e17d1b3b20131903,,16235,0,,text_unavailable_or_too_short,no,,Stream has ended unexpectedly
temp/版本2：英语（按省份分类）2008-2024/2008-2024·（云南）英语高考真题/2024年高考英语试卷（新课标Ⅱ卷）（空白卷）.pdf,temp-2024-英语-ebd6deea469a,11,7,c3ceff1f2257eb8427a943d93b794a0a2e8f6e38a2481f927edca376b7ae3e77,d804701041951b10de2aa0897fa9ea04b4c18f0665d5a00f6fe2016c697c63a0,18554,17310,0.662,content_or_page_difference,no,,
temp/版本2：英语（按省份分类）2008-2024/2008-2024·（内蒙古）英语高考真题/2022年高考英语试卷（全国乙卷）（空白卷）.pdf,temp-2022-英语-67aa00258b57,11,,b5731b15fc3f8845c4d92ab777d671504238ab59906d8f28e26767f07d20bac9,,16271,0,,text_unavailable_or_too_short,no,,Stream has ended unexpectedly
temp/版本2：英语（按省份分类）2008-2024/2008-2024·（内蒙古）英语高考真题/2024年高考英语试卷（全国甲卷）（空白卷）.pdf,temp-2024-英语-6676c2bb0a17,10,5,be76c1d5b484b59a09c964ecbddeae37a00a6ef8ad9ad74b0b7f233c88fa9ca4,a4041fe1820e7abbe0ac85fea6388d8b60301314cefe9595c2e6a4fd5419de91,16462,13552,0.760,likely_same_content_layout_difference,no,,
temp/版本2：英语（按省份分类）2008-2024/2008-2024·（吉林）英语高考真题/2022年高考英语试卷（全国乙卷）（空白卷）.pdf,temp-2022-英语-67aa00258b57,11,,b5731b15fc3f8845c4d92ab777d671504238ab59906d8f28e26767f07d20bac9,,16271,0,,text_unavailable_or_too_short,no,,Stream has ended unexpectedly
temp/版本2：英语（按省份分类）2008-2024/2008-2024·（吉林）英语高考真题/2024年高考英语试卷（新课标Ⅱ卷）（空白卷）.pdf,temp-2024-英语-ebd6deea469a,11,7,c3ceff1f2257eb8427a943d93b794a0a2e8f6e38a2481f927edca376b7ae3e77,d804701041951b10de2aa0897fa9ea04b4c18f0665d5a00f6fe2016c697c63a0,18554,17310,0.662,content_or_page_difference,no,,
temp/版本2：英语（按省份分类）2008-2024/2008-2024·（四川）英语高考真题/2022年高考英语试卷（全国甲卷）（空白卷）.pdf,temp-2022-英语-7c6b285312be,12,,da0b110357cd6e8781830cb36c4fe966d202de5fbe8e43d5e17d1b3b20131903,,16235,0,,text_unavailable_or_too_short,no,,Stream has ended unexpectedly
temp/版本2：英语（按省份分类）2008-2024/2008-2024·（四川）英语高考真题/2024年高考英语试卷（全国甲卷）（空白卷）.pdf,temp-2024-英语-6676c2bb0a17,10,5,be76c1d5b484b59a09c964ecbddeae37a00a6ef8ad9ad74b0b7f233c88fa9ca4,a4041fe1820e7abbe0ac85fea6388d8b60301314cefe9595c2e6a4fd5419de91,16462,13552,0.760,likely_same_content_layout_difference,no,,
temp/版本2：英语（按省份分类）2008-2024/2008-2024·（宁夏）英语高考真题/2022年高考英语试卷（全国乙卷）（空白卷）.pdf,temp-2022-英语-67aa00258b57,11,,b5731b15fc3f8845c4d92ab777d671504238ab59906d8f28e26767f07d20bac9,,16271,0,,text_unavailable_or_too_short,no,,Stream has ended unexpectedly
temp/版本2：英语（按省份分类）2008-2024/2008-2024·（宁夏）英语高考真题/2024年高考英语试卷（全国甲卷）（空白卷）.pdf,temp-2024-英语-6676c2bb0a17,10,5,be76c1d5b484b59a09c964ecbddeae37a00a6ef8ad9ad74b0b7f233c88fa9ca4,a4041fe1820e7abbe0ac85fea6388d8b60301314cefe9595c2e6a4fd5419de91,16462,13552,0.760,likely_same_content_layout_difference,no,,
temp/版本2：英语（按省份分类）2008-2024/2008-2024·（山西）英语高考真题/2022年高考英语试卷（全国乙卷）（空白卷）.pdf,temp-2022-英语-67aa00258b57,11,,b5731b15fc3f8845c4d92ab777d671504238ab59906d8f28e26767f07d20bac9,,16271,0,,text_unavailable_or_too_short,no,,Stream has ended unexpectedly
temp/版本2：英语（按省份分类）2008-2024/2008-2024·（山西）英语高考真题/2024年高考英语试卷（新课标Ⅱ卷）（空白卷）.pdf,temp-2024-英语-ebd6deea469a,11,7,c3ceff1f2257eb8427a943d93b794a0a2e8f6e38a2481f927edca376b7ae3e77,d804701041951b10de2aa0897fa9ea04b4c18f0665d5a00f6fe2016c697c63a0,18554,17310,0.662,content_or_page_difference,no,,
temp/版本2：英语（按省份分类）2008-2024/2008-2024·（广西）英语高考真题/2022年高考英语试卷（全国甲卷）（空白卷）.pdf,temp-2022-英语-7c6b285312be,12,,da0b110357cd6e8781830cb36c4fe966d202de5fbe8e43d5e17d1b3b20131903,,16235,0,,text_unavailable_or_too_short,no,,Stream has ended unexpectedly
temp/版本2：英语（按省份分类）2008-2024/2008-2024·（广西）英语高考真题/2024年高考英语试卷（新课标Ⅱ卷）（空白卷）.pdf,temp-2024-英语-ebd6deea469a,11,7,c3ceff1f2257eb8427a943d93b794a0a2e8f6e38a2481f927edca376b7ae3e77,d804701041951b10de2aa0897fa9ea04b4c18f0665d5a00f6fe2016c697c63a0,18554,17310,0.662,content_or_page_difference,no,,
temp/版本2：英语（按省份分类）2008-2024/2008-2024·（新疆）英语高考真题/2022年高考英语试卷（全国乙卷）（空白卷）.pdf,temp-2022-英语-67aa00258b57,11,,b5731b15fc3f8845c4d92ab777d671504238ab59906d8f28e26767f07d20bac9,,16271,0,,text_unavailable_or_too_short,no,,Stream has ended unexpectedly
temp/版本2：英语（按省份分类）2008-2024/2008-2024·（新疆）英语高考真题/2024年高考英语试卷（新课标Ⅱ卷）（空白卷）.pdf,temp-2024-英语-ebd6deea469a,11,7,c3ceff1f2257eb8427a943d93b794a0a2e8f6e38a2481f927edca376b7ae3e77,d804701041951b10de2aa0897fa9ea04b4c18f0665d5a00f6fe2016c697c63a0,18554,17310,0.662,content_or_page_difference,no,,
temp/版本2：英语（按省份分类）2008-2024/2008-2024·（河南）英语高考真题/2022年高考英语试卷（全国乙卷）（空白卷）.pdf,temp-2022-英语-67aa00258b57,11,,b5731b15fc3f8845c4d92ab777d671504238ab59906d8f28e26767f07d20bac9,,16271,0,,text_unavailable_or_too_short,no,,Stream has ended unexpectedly
temp/版本2：英语（按省份分类）2008-2024/2008-2024·（海南）英语高考真题/2024年高考英语试卷（新课标Ⅱ卷）（空白卷）.pdf,temp-2024-英语-ebd6deea469a,11,7,c3ceff1f2257eb8427a943d93b794a0a2e8f6e38a2481f927edca376b7ae3e77,d804701041951b10de2aa0897fa9ea04b4c18f0665d5a00f6fe2016c697c63a0,18554,17310,0.662,content_or_page_difference,no,,
temp/版本2：英语（按省份分类）2008-2024/2008-2024·（甘肃）英语高考真题/2022年高考英语试卷（全国乙卷）（空白卷）.pdf,temp-2022-英语-67aa00258b57,11,,b5731b15fc3f8845c4d92ab777d671504238ab59906d8f28e26767f07d20bac9,,16271,0,,text_unavailable_or_too_short,no,,Stream has ended unexpectedly
temp/版本2：英语（按省份分类）2008-2024/2008-2024·（甘肃）英语高考真题/2024年高考英语试卷（新课标Ⅱ卷）（空白卷）.pdf,temp-2024-英语-ebd6deea469a,11,7,c3ceff1f2257eb8427a943d93b794a0a2e8f6e38a2481f927edca376b7ae3e77,d804701041951b10de2aa0897fa9ea04b4c18f0665d5a00f6fe2016c697c63a0,18554,17310,0.662,content_or_page_difference,no,,
temp/版本2：英语（按省份分类）2008-2024/2008-2024·（西藏）英语高考真题/2022年高考英语试卷（全国甲卷）（空白卷）.pdf,temp-2022-英语-7c6b285312be,12,,da0b110357cd6e8781830cb36c4fe966d202de5fbe8e43d5e17d1b3b20131903,,16235,0,,text_unavailable_or_too_short,no,,Stream has ended unexpectedly
temp/版本2：英语（按省份分类）2008-2024/2008-2024·（西藏）英语高考真题/2024年高考英语试卷（全国甲卷）（空白卷）.pdf,temp-2024-英语-6676c2bb0a17,10,5,be76c1d5b484b59a09c964ecbddeae37a00a6ef8ad9ad74b0b7f233c88fa9ca4,a4041fe1820e7abbe0ac85fea6388d8b60301314cefe9595c2e6a4fd5419de91,16462,13552,0.760,likely_same_content_layout_difference,no,,
temp/版本2：英语（按省份分类）2008-2024/2008-2024·（贵州）英语高考真题/2022年高考英语试卷（全国甲卷）（空白卷）.pdf,temp-2022-英语-7c6b285312be,12,,da0b110357cd6e8781830cb36c4fe966d202de5fbe8e43d5e17d1b3b20131903,,16235,0,,text_unavailable_or_too_short,no,,Stream has ended unexpectedly
temp/版本2：英语（按省份分类）2008-2024/2008-2024·（贵州）英语高考真题/2024年高考英语试卷（新课标Ⅱ卷）（空白卷）.pdf,temp-2024-英语-ebd6deea469a,11,7,c3ceff1f2257eb8427a943d93b794a0a2e8f6e38a2481f927edca376b7ae3e77,d804701041951b10de2aa0897fa9ea04b4c18f0665d5a00f6fe2016c697c63a0,18554,17310,0.662,content_or_page_difference,no,,
temp/版本2：英语（按省份分类）2008-2024/2008-2024·（陕西）英语高考真题/2022年高考英语试卷（全国乙卷）（空白卷）.pdf,temp-2022-英语-67aa00258b57,11,,b5731b15fc3f8845c4d92ab777d671504238ab59906d8f28e26767f07d20bac9,,16271,0,,text_unavailable_or_too_short,no,,Stream has ended unexpectedly
temp/版本2：英语（按省份分类）2008-2024/2008-2024·（陕西）英语高考真题/2024年高考英语试卷（全国甲卷）（空白卷）.pdf,temp-2024-英语-6676c2bb0a17,10,5,be76c1d5b484b59a09c964ecbddeae37a00a6ef8ad9ad74b0b7f233c88fa9ca4,a4041fe1820e7abbe0ac85fea6388d8b60301314cefe9595c2e6a4fd5419de91,16462,13552,0.760,likely_same_content_layout_difference,no,,
temp/版本2：英语（按省份分类）2008-2024/2008-2024·（青海）英语高考真题/2022年高考英语试卷（全国乙卷）（空白卷）.pdf,temp-2022-英语-67aa00258b57,11,,b5731b15fc3f8845c4d92ab777d671504238ab59906d8f28e26767f07d20bac9,,16271,0,,text_unavailable_or_too_short,no,,Stream has ended unexpectedly
temp/版本2：英语（按省份分类）2008-2024/2008-2024·（青海）英语高考真题/2024年高考英语试卷（全国甲卷）（空白卷）.pdf,temp-2024-英语-6676c2bb0a17,10,5,be76c1d5b484b59a09c964ecbddeae37a00a6ef8ad9ad74b0b7f233c88fa9ca4,a4041fe1820e7abbe0ac85fea6388d8b60301314cefe9595c2e6a4fd5419de91,16462,13552,0.760,likely_same_content_layout_difference,no,,
temp/版本2：英语（按省份分类）2008-2024/2008-2024·（黑龙江）英语高考真题/2022年高考英语试卷（全国乙卷）（空白卷）.pdf,temp-2022-英语-67aa00258b57,11,,b5731b15fc3f8845c4d92ab777d671504238ab59906d8f28e26767f07d20bac9,,16271,0,,text_unavailable_or_too_short,no,,Stream has ended unexpectedly
temp/版本2：英语（按省份分类）2008-2024/2008-2024·（黑龙江）英语高考真题/2024年高考英语试卷（新课标Ⅱ卷）（空白卷）.pdf,temp-2024-英语-ebd6deea469a,11,7,c3ceff1f2257eb8427a943d93b794a0a2e8f6e38a2481f927edca376b7ae3e77,d804701041951b10de2aa0897fa9ea04b4c18f0665d5a00f6fe2016c697c63a0,18554,17310,0.662,content_or_page_difference,no,,
temp/版本2：英语（按省份分类）2008-2024/2012-2024·（安徽）英语高考真题/2022年高考英语试卷（全国乙卷）（空白卷）.pdf,temp-2022-英语-67aa00258b57,11,,b5731b15fc3f8845c4d92ab777d671504238ab59906d8f28e26767f07d20bac9,,16271,0,,text_unavailable_or_too_short,no,,Stream has ended unexpectedly
temp/版本2：英语（按省份分类）2008-2024/2012-2024·（江西）英语高考真题/2022年高考英语试卷（全国乙卷）（空白卷）.pdf,temp-2022-英语-67aa00258b57,11,,b5731b15fc3f8845c4d92ab777d671504238ab59906d8f28e26767f07d20bac9,,16271,0,,text_unavailable_or_too_short,no,,Stream has ended unexpectedly
temp/版本2：英语（按省份分类）2008-2024/2012-2024·（辽宁）英语高考真题/2024年高考英语试卷（新课标Ⅱ卷）（空白卷）.pdf,temp-2024-英语-ebd6deea469a,11,7,c3ceff1f2257eb8427a943d93b794a0a2e8f6e38a2481f927edca376b7ae3e77,d804701041951b10de2aa0897fa9ea04b4c18f0665d5a00f6fe2016c697c63a0,18554,17310,0.662,content_or_page_difference,no,,
temp/版本2：英语（按省份分类）2008-2024/2012-2024·（重庆）英语高考真题/2024年高考英语试卷（新课标Ⅱ卷）（空白卷）.pdf,temp-2024-英语-ebd6deea469a,11,7,c3ceff1f2257eb8427a943d93b794a0a2e8f6e38a2481f927edca376b7ae3e77,d804701041951b10de2aa0897fa9ea04b4c18f0665d5a00f6fe2016c697c63a0,18554,17310,0.662,content_or_page_difference,no,,
temp/版本2：语文（按省份分类）2008-2024/2008-2023·（上海）语文高考真题/2021年高考语文试卷（新高考Ⅰ卷）（空白卷）.pdf,temp-2021-语文-900a18258d94,17,,,,0,0,,text_unavailable_or_too_short,no,,Stream has ended unexpectedly
temp/版本2：语文（按省份分类）2008-2024/2008-2024·（云南）语文高考真题/2024年高考语文试卷（新课标Ⅱ卷）（空白卷）.pdf,temp-2024-语文-fa7655c2a8e4,10,6,,fa861a57af3fe0a8c45b56c2a1bad67326cdf1bbbc9962124357bbe78e7e7dba,0,8189,,text_unavailable_or_too_short,no,,
temp/版本2：语文（按省份分类）2008-2024/2008-2024·（内蒙古）语文高考真题/2022年高考语文试卷（全国乙卷）（空白卷）.pdf,temp-2022-语文-1927e09e42eb,12,,,,0,0,,text_unavailable_or_too_short,no,,Stream has ended unexpectedly
temp/版本2：语文（按省份分类）2008-2024/2008-2024·（内蒙古）语文高考真题/2024年高考语文试卷（全国甲卷）（空白卷）.pdf,temp-2024-语文-e925a21e3119,10,6,,da548a6da47dc84743013f5b05bc6f4fca3fc90217f9dba99a888788372e942c,0,8575,,text_unavailable_or_too_short,no,,
temp/版本2：语文（按省份分类）2008-2024/2008-2024·（吉林）语文高考真题/2022年高考语文试卷（全国乙卷）（空白卷）.pdf,temp-2022-语文-1927e09e42eb,12,,,,0,0,,text_unavailable_or_too_short,no,,Stream has ended unexpectedly
temp/版本2：语文（按省份分类）2008-2024/2008-2024·（吉林）语文高考真题/2024年高考语文试卷（新课标Ⅱ卷）（空白卷）.pdf,temp-2024-语文-fa7655c2a8e4,10,6,,fa861a57af3fe0a8c45b56c2a1bad67326cdf1bbbc9962124357bbe78e7e7dba,0,8189,,text_unavailable_or_too_short,no,,
temp/版本2：语文（按省份分类）2008-2024/2008-2024·（四川）语文高考真题/2022年高考语文试卷（全国甲卷）（空白卷）.pdf,temp-2022-语文-42b21b5329b4,11,,,,0,0,,text_unavailable_or_too_short,no,,Stream has ended unexpectedly
temp/版本2：语文（按省份分类）2008-2024/2008-2024·（四川）语文高考真题/2023年高考语文试卷（全国甲卷）（空白卷）.pdf,temp-2023-语文-b310c9068370,10,9,,55fa4374d4bd49007e93f0871be24efb399440b72f66aba79ca08bb3ca3c1cc9,0,5345,,text_unavailable_or_too_short,no,,
temp/版本2：语文（按省份分类）2008-2024/2008-2024·（四川）语文高考真题/2024年高考语文试卷（全国甲卷）（空白卷）.pdf,temp-2024-语文-e925a21e3119,10,6,,da548a6da47dc84743013f5b05bc6f4fca3fc90217f9dba99a888788372e942c,0,8575,,text_unavailable_or_too_short,no,,
temp/版本2：语文（按省份分类）2008-2024/2008-2024·（宁夏）语文高考真题/2022年高考语文试卷（全国乙卷）（空白卷）.pdf,temp-2022-语文-1927e09e42eb,12,,,,0,0,,text_unavailable_or_too_short,no,,Stream has ended unexpectedly
temp/版本2：语文（按省份分类）2008-2024/2008-2024·（宁夏）语文高考真题/2024年高考语文试卷（全国甲卷）（空白卷）.pdf,temp-2024-语文-e925a21e3119,10,6,,da548a6da47dc84743013f5b05bc6f4fca3fc90217f9dba99a888788372e942c,0,8575,,text_unavailable_or_too_short,no,,
temp/版本2：语文（按省份分类）2008-2024/2008-2024·（山东）语文高考真题/2021年高考语文试卷（新高考Ⅰ卷）（空白卷）.pdf,temp-2021-语文-900a18258d94,11,,,,0,0,,text_unavailable_or_too_short,no,,Stream has ended unexpectedly
temp/版本2：语文（按省份分类）2008-2024/2008-2024·（山东）语文高考真题/2022年高考语文试卷（新高考Ⅰ卷）（空白卷）.pdf,temp-2022-语文-035bbea6df12,10,8,,dc563fe9444190aafbee86b8d55577ad46b4bf49f1615fe170c6c6cca5dd5614,0,8702,,text_unavailable_or_too_short,no,,
temp/版本2：语文（按省份分类）2008-2024/2008-2024·（山东）语文高考真题/2024年高考语文试卷（新课标Ⅰ卷）（空白卷）.pdf,temp-2024-语文-a11d8ae1ca06,9,5,,02fc345308b2e4eac1b0c62be336ba63b143b7c32d9ebe078c3de7874674924f,0,8171,,text_unavailable_or_too_short,no,,
temp/版本2：语文（按省份分类）2008-2024/2008-2024·（山西）语文高考真题/2022年高考语文试卷（全国乙卷）（空白卷）.pdf,temp-2022-语文-1927e09e42eb,12,,,,0,0,,text_unavailable_or_too_short,no,,Stream has ended unexpectedly
temp/版本2：语文（按省份分类）2008-2024/2008-2024·（山西）语文高考真题/2024年高考语文试卷（新课标Ⅱ卷）（空白卷）.pdf,temp-2024-语文-fa7655c2a8e4,10,6,,fa861a57af3fe0a8c45b56c2a1bad67326cdf1bbbc9962124357bbe78e7e7dba,0,8189,,text_unavailable_or_too_short,no,,
temp/版本2：语文（按省份分类）2008-2024/2008-2024·（广东）语文高考真题/2021年高考语文试卷（新高考Ⅰ卷）（空白卷）.pdf,temp-2021-语文-900a18258d94,11,,,,0,0,,text_unavailable_or_too_short,no,,Stream has ended unexpectedly
temp/版本2：语文（按省份分类）2008-2024/2008-2024·（广东）语文高考真题/2022年高考语文试卷（新高考Ⅰ卷）（空白卷）.pdf,temp-2022-语文-035bbea6df12,10,8,,dc563fe9444190aafbee86b8d55577ad46b4bf49f1615fe170c6c6cca5dd5614,0,8702,,text_unavailable_or_too_short,no,,
temp/版本2：语文（按省份分类）2008-2024/2008-2024·（广东）语文高考真题/2024年高考语文试卷（新课标Ⅰ卷）（空白卷）.pdf,temp-2024-语文-a11d8ae1ca06,9,5,,02fc345308b2e4eac1b0c62be336ba63b143b7c32d9ebe078c3de7874674924f,0,8171,,text_unavailable_or_too_short,no,,
temp/版本2：语文（按省份分类）2008-2024/2008-2024·（广西）语文高考真题/2022年高考语文试卷（全国甲卷）（空白卷）.pdf,temp-2022-语文-42b21b5329b4,11,,,,0,0,,text_unavailable_or_too_short,no,,Stream has ended unexpectedly
temp/版本2：语文（按省份分类）2008-2024/2008-2024·（广西）语文高考真题/2023年高考语文试卷（全国甲卷）（空白卷）.pdf,temp-2023-语文-b310c9068370,10,9,,55fa4374d4bd49007e93f0871be24efb399440b72f66aba79ca08bb3ca3c1cc9,0,5345,,text_unavailable_or_too_short,no,,
temp/版本2：语文（按省份分类）2008-2024/2008-2024·（广西）语文高考真题/2024年高考语文试卷（新课标Ⅱ卷）（空白卷）.pdf,temp-2024-语文-fa7655c2a8e4,10,6,,fa861a57af3fe0a8c45b56c2a1bad67326cdf1bbbc9962124357bbe78e7e7dba,0,8189,,text_unavailable_or_too_short,no,,
temp/版本2：语文（按省份分类）2008-2024/2008-2024·（新疆）语文高考真题/2022年高考语文试卷（全国乙卷）（空白卷）.pdf,temp-2022-语文-1927e09e42eb,12,,,,0,0,,text_unavailable_or_too_short,no,,Stream has ended unexpectedly
temp/版本2：语文（按省份分类）2008-2024/2008-2024·（新疆）语文高考真题/2024年高考语文试卷（新课标Ⅱ卷）（空白卷）.pdf,temp-2024-语文-fa7655c2a8e4,10,6,,fa861a57af3fe0a8c45b56c2a1bad67326cdf1bbbc9962124357bbe78e7e7dba,0,8189,,text_unavailable_or_too_short,no,,
temp/版本2：语文（按省份分类）2008-2024/2008-2024·（江苏）语文高考真题/2021年高考语文试卷（新高考Ⅰ卷）（空白卷）.pdf,temp-2021-语文-900a18258d94,11,,,,0,0,,text_unavailable_or_too_short,no,,Stream has ended unexpectedly
temp/版本2：语文（按省份分类）2008-2024/2008-2024·（江苏）语文高考真题/2022年高考语文试卷（新高考Ⅰ卷）（空白卷）.pdf,temp-2022-语文-035bbea6df12,10,8,,dc563fe9444190aafbee86b8d55577ad46b4bf49f1615fe170c6c6cca5dd5614,0,8702,,text_unavailable_or_too_short,no,,
temp/版本2：语文（按省份分类）2008-2024/2008-2024·（江苏）语文高考真题/2024年高考语文试卷（新课标Ⅰ卷）（空白卷）.pdf,temp-2024-语文-a11d8ae1ca06,9,5,,02fc345308b2e4eac1b0c62be336ba63b143b7c32d9ebe078c3de7874674924f,0,8171,,text_unavailable_or_too_short,no,,
temp/版本2：语文（按省份分类）2008-2024/2008-2024·（河北）语文高考真题/2021年高考语文试卷（新高考Ⅰ卷）（空白卷）.pdf,temp-2021-语文-900a18258d94,11,,,,0,0,,text_unavailable_or_too_short,no,,Stream has ended unexpectedly
temp/版本2：语文（按省份分类）2008-2024/2008-2024·（河北）语文高考真题/2022年高考语文试卷（新高考Ⅰ卷）（空白卷）.pdf,temp-2022-语文-035bbea6df12,10,8,,dc563fe9444190aafbee86b8d55577ad46b4bf49f1615fe170c6c6cca5dd5614,0,8702,,text_unavailable_or_too_short,no,,
temp/版本2：语文（按省份分类）2008-2024/2008-2024·（河北）语文高考真题/2024年高考语文试卷（新课标Ⅰ卷）（空白卷）.pdf,temp-2024-语文-a11d8ae1ca06,9,5,,02fc345308b2e4eac1b0c62be336ba63b143b7c32d9ebe078c3de7874674924f,0,8171,,text_unavailable_or_too_short,no,,
temp/版本2：语文（按省份分类）2008-2024/2008-2024·（河南）语文高考真题/2022年高考语文试卷（全国乙卷）（空白卷）.pdf,temp-2022-语文-1927e09e42eb,12,,,,0,0,,text_unavailable_or_too_short,no,,Stream has ended unexpectedly
temp/版本2：语文（按省份分类）2008-2024/2008-2024·（浙江）语文高考真题/2022年高考语文试卷（浙江）（空白卷）.pdf,temp-2022-语文-cba82ff74975,11,,,,0,0,,text_unavailable_or_too_short,no,,Stream has ended unexpectedly
temp/版本2：语文（按省份分类）2008-2024/2008-2024·（浙江）语文高考真题/2024年高考语文试卷（新课标Ⅰ卷）（空白卷）.pdf,temp-2024-语文-a11d8ae1ca06,9,5,,02fc345308b2e4eac1b0c62be336ba63b143b7c32d9ebe078c3de7874674924f,0,8171,,text_unavailable_or_too_short,no,,
temp/版本2：语文（按省份分类）2008-2024/2008-2024·（海南）语文高考真题/2024年高考语文试卷（新课标Ⅱ卷）（空白卷）.pdf,temp-2024-语文-fa7655c2a8e4,10,6,,fa861a57af3fe0a8c45b56c2a1bad67326cdf1bbbc9962124357bbe78e7e7dba,0,8189,,text_unavailable_or_too_short,no,,
temp/版本2：语文（按省份分类）2008-2024/2008-2024·（湖南）语文高考真题/2021年高考语文试卷（新高考Ⅰ卷）（空白卷）.pdf,temp-2021-语文-900a18258d94,11,,,,0,0,,text_unavailable_or_too_short,no,,Stream has ended unexpectedly
temp/版本2：语文（按省份分类）2008-2024/2008-2024·（湖南）语文高考真题/2022年高考语文试卷（新高考Ⅰ卷）（空白卷）.pdf,temp-2022-语文-035bbea6df12,10,8,,dc563fe9444190aafbee86b8d55577ad46b4bf49f1615fe170c6c6cca5dd5614,0,8702,,text_unavailable_or_too_short,no,,
temp/版本2：语文（按省份分类）2008-2024/2008-2024·（湖南）语文高考真题/2024年高考语文试卷（新课标Ⅰ卷）（空白卷）.pdf,temp-2024-语文-a11d8ae1ca06,9,5,,02fc345308b2e4eac1b0c62be336ba63b143b7c32d9ebe078c3de7874674924f,0,8171,,text_unavailable_or_too_short,no,,
temp/版本2：语文（按省份分类）2008-2024/2008-2024·（甘肃）语文高考真题/2022年高考语文试卷（全国乙卷）（空白卷）.pdf,temp-2022-语文-1927e09e42eb,12,,,,0,0,,text_unavailable_or_too_short,no,,Stream has ended unexpectedly
temp/版本2：语文（按省份分类）2008-2024/2008-2024·（甘肃）语文高考真题/2024年高考语文试卷（新课标Ⅱ卷）（空白卷）.pdf,temp-2024-语文-fa7655c2a8e4,10,6,,fa861a57af3fe0a8c45b56c2a1bad67326cdf1bbbc9962124357bbe78e7e7dba,0,8189,,text_unavailable_or_too_short,no,,
temp/版本2：语文（按省份分类）2008-2024/2008-2024·（西藏）语文高考真题/2022年高考语文试卷（全国甲卷）（空白卷）.pdf,temp-2022-语文-42b21b5329b4,11,,,,0,0,,text_unavailable_or_too_short,no,,Stream has ended unexpectedly
temp/版本2：语文（按省份分类）2008-2024/2008-2024·（西藏）语文高考真题/2023年高考语文试卷（全国甲卷）（空白卷）.pdf,temp-2023-语文-b310c9068370,10,9,,55fa4374d4bd49007e93f0871be24efb399440b72f66aba79ca08bb3ca3c1cc9,0,5345,,text_unavailable_or_too_short,no,,
temp/版本2：语文（按省份分类）2008-2024/2008-2024·（西藏）语文高考真题/2024年高考语文试卷（新课标Ⅱ卷）（空白卷）.pdf,temp-2024-语文-fa7655c2a8e4,10,6,,fa861a57af3fe0a8c45b56c2a1bad67326cdf1bbbc9962124357bbe78e7e7dba,0,8189,,text_unavailable_or_too_short,no,,
temp/版本2：语文（按省份分类）2008-2024/2008-2024·（贵州）语文高考真题/2022年高考语文试卷（全国甲卷）（空白卷）.pdf,temp-2022-语文-42b21b5329b4,11,,,,0,0,,text_unavailable_or_too_short,no,,Stream has ended unexpectedly
temp/版本2：语文（按省份分类）2008-2024/2008-2024·（贵州）语文高考真题/2023年高考语文试卷（全国甲卷）（空白卷）.pdf,temp-2023-语文-b310c9068370,10,9,,55fa4374d4bd49007e93f0871be24efb399440b72f66aba79ca08bb3ca3c1cc9,0,5345,,text_unavailable_or_too_short,no,,
temp/版本2：语文（按省份分类）2008-2024/2008-2024·（贵州）语文高考真题/2024年高考语文试卷（新课标Ⅱ卷）（空白卷）.pdf,temp-2024-语文-fa7655c2a8e4,10,6,,fa861a57af3fe0a8c45b56c2a1bad67326cdf1bbbc9962124357bbe78e7e7dba,0,8189,,text_unavailable_or_too_short,no,,
temp/版本2：语文（按省份分类）2008-2024/2008-2024·（陕西）语文高考真题/2022年高考语文试卷（全国乙卷）（空白卷）.pdf,temp-2022-语文-1927e09e42eb,12,,,,0,0,,text_unavailable_or_too_short,no,,Stream has ended unexpectedly
temp/版本2：语文（按省份分类）2008-2024/2008-2024·（陕西）语文高考真题/2024年高考语文试卷（全国甲卷）（空白卷）.pdf,temp-2024-语文-e925a21e3119,10,6,,da548a6da47dc84743013f5b05bc6f4fca3fc90217f9dba99a888788372e942c,0,8575,,text_unavailable_or_too_short,no,,
temp/版本2：语文（按省份分类）2008-2024/2008-2024·（青海）语文高考真题/2022年高考语文试卷（全国乙卷）（空白卷）.pdf,temp-2022-语文-1927e09e42eb,12,,,,0,0,,text_unavailable_or_too_short,no,,Stream has ended unexpectedly
temp/版本2：语文（按省份分类）2008-2024/2008-2024·（青海）语文高考真题/2024年高考语文试卷（全国甲卷）（空白卷）.pdf,temp-2024-语文-e925a21e3119,10,6,,da548a6da47dc84743013f5b05bc6f4fca3fc90217f9dba99a888788372e942c,0,8575,,text_unavailable_or_too_short,no,,
temp/版本2：语文（按省份分类）2008-2024/2008-2024·（黑龙江）语文高考真题/2022年高考语文试卷（全国乙卷）（空白卷）.pdf,temp-2022-语文-1927e09e42eb,12,,,,0,0,,text_unavailable_or_too_short,no,,Stream has ended unexpectedly
temp/版本2：语文（按省份分类）2008-2024/2008-2024·（黑龙江）语文高考真题/2024年高考语文试卷（新课标Ⅱ卷）（空白卷）.pdf,temp-2024-语文-fa7655c2a8e4,10,6,,fa861a57af3fe0a8c45b56c2a1bad67326cdf1bbbc9962124357bbe78e7e7dba,0,8189,,text_unavailable_or_too_short,no,,
temp/版本2：语文（按省份分类）2008-2024/2012-2024·（安徽）语文高考真题/2022年高考语文试卷（全国乙卷）（空白卷）.pdf,temp-2022-语文-1927e09e42eb,12,,,,0,0,,text_unavailable_or_too_short,no,,Stream has ended unexpectedly
temp/版本2：语文（按省份分类）2008-2024/2012-2024·（安徽）语文高考真题/2024年高考语文试卷（新课标Ⅰ卷）（空白卷）.pdf,temp-2024-语文-a11d8ae1ca06,9,5,,02fc345308b2e4eac1b0c62be336ba63b143b7c32d9ebe078c3de7874674924f,0,8171,,text_unavailable_or_too_short,no,,
temp/版本2：语文（按省份分类）2008-2024/2012-2024·（江西）语文高考真题/2022年高考语文试卷（全国乙卷）（空白卷）.pdf,temp-2022-语文-1927e09e42eb,12,,,,0,0,,text_unavailable_or_too_short,no,,Stream has ended unexpectedly
temp/版本2：语文（按省份分类）2008-2024/2012-2024·（江西）语文高考真题/2024年高考语文试卷（新课标Ⅰ卷）（空白卷）.pdf,temp-2024-语文-a11d8ae1ca06,9,5,,02fc345308b2e4eac1b0c62be336ba63b143b7c32d9ebe078c3de7874674924f,0,8171,,text_unavailable_or_too_short,no,,
temp/版本2：语文（按省份分类）2008-2024/2012-2024·（湖北）语文高考真题/2021年高考语文试卷（新高考Ⅰ卷）（空白卷）.pdf,temp-2021-语文-900a18258d94,11,,,,0,0,,text_unavailable_or_too_short,no,,Stream has ended unexpectedly
temp/版本2：语文（按省份分类）2008-2024/2012-2024·（湖北）语文高考真题/2022年高考语文试卷（新高考Ⅰ卷）（空白卷）.pdf,temp-2022-语文-035bbea6df12,10,8,,dc563fe9444190aafbee86b8d55577ad46b4bf49f1615fe170c6c6cca5dd5614,0,8702,,text_unavailable_or_too_short,no,,
temp/版本2：语文（按省份分类）2008-2024/2012-2024·（湖北）语文高考真题/2024年高考语文试卷（新课标Ⅰ卷）（空白卷）.pdf,temp-2024-语文-a11d8ae1ca06,9,5,,02fc345308b2e4eac1b0c62be336ba63b143b7c32d9ebe078c3de7874674924f,0,8171,,text_unavailable_or_too_short,no,,
temp/版本2：语文（按省份分类）2008-2024/2012-2024·（福建）语文高考真题/2021年高考语文试卷（新高考Ⅰ卷）（空白卷）.pdf,temp-2021-语文-900a18258d94,11,,,,0,0,,text_unavailable_or_too_short,no,,Stream has ended unexpectedly
temp/版本2：语文（按省份分类）2008-2024/2012-2024·（福建）语文高考真题/2022年高考语文试卷（新高考Ⅰ卷）（空白卷）.pdf,temp-2022-语文-035bbea6df12,10,8,,dc563fe9444190aafbee86b8d55577ad46b4bf49f1615fe170c6c6cca5dd5614,0,8702,,text_unavailable_or_too_short,no,,
temp/版本2：语文（按省份分类）2008-2024/2012-2024·（福建）语文高考真题/2024年高考语文试卷（新课标Ⅰ卷）（空白卷）.pdf,temp-2024-语文-a11d8ae1ca06,9,5,,02fc345308b2e4eac1b0c62be336ba63b143b7c32d9ebe078c3de7874674924f,0,8171,,text_unavailable_or_too_short,no,,
temp/版本2：语文（按省份分类）2008-2024/2012-2024·（辽宁）语文高考真题/2024年高考语文试卷（新课标Ⅱ卷）（空白卷）.pdf,temp-2024-语文-fa7655c2a8e4,10,6,,fa861a57af3fe0a8c45b56c2a1bad67326cdf1bbbc9962124357bbe78e7e7dba,0,8189,,text_unavailable_or_too_short,no,,
temp/版本2：语文（按省份分类）2008-2024/2012-2024·（重庆）语文高考真题/2024年高考语文试卷（新课标Ⅱ卷）（空白卷）.pdf,temp-2024-语文-fa7655c2a8e4,10,6,,fa861a57af3fe0a8c45b56c2a1bad67326cdf1bbbc9962124357bbe78e7e7dba,0,8189,,text_unavailable_or_too_short,no,,
